name,author,type,url,previewURL,price,timeHours,timeMinutes,productImage
The Benoni is back in business,Rustam Kasimdzhanov,FritzTrainer,https://shop.chessbase.com/en/products/kasimdzhanov_benoni_back_in_business,//youtube.com/embed/HN2yC59AnaY,29.65,5,45,https://shop.chessbase.com/en/pics/bp_8458
Sicilian Dragon: The Real Deal! Part 1: Understanding The Dragon,Chris Ward,FritzTrainer,https://shop.chessbase.com/en/products/ward_sicilian_dragon_part_1,//youtube.com/embed/n52ojzDiaOI,29.65,5,20,https://shop.chessbase.com/en/pics/bp_8515
An Attacking Repertoire with 1.d4 Vol.3,Nicholas Pert,FritzTrainer,https://shop.chessbase.com/en/products/pert_attacking_repertoire_with_d4_vol_3,//youtube.com/embed/JeJ8Bl31m98,29.65,5,,https://shop.chessbase.com/en/pics/bp_8441
How to combat rare lines as Black,Sergei Tiviakov,FritzTrainer,https://shop.chessbase.com/en/products/tiviakov_how_to_combat_rare_lines_as_black,//youtube.com/embed/Q-9t639OxCU,27.67,,,https://shop.chessbase.com/en/pics/bp_6616
Power Play 21: A repertoire for black against the Anti-Sicilians,Daniel King,FritzTrainer,https://shop.chessbase.com/en/products/king_powerplay21_repertoire_against_anti_sicilians,//youtube.com/embed/g4vxeKGbJks,29.65,5,22,https://shop.chessbase.com/en/pics/bp_6705
A Repertoire against the Sicilian,Lorin D'Costa,FritzTrainer,https://shop.chessbase.com/en/products/dcosta_murphy_a_repertoire_against_the_sicilian,//youtube.com/embed/NJe90s7q02I,27.67,6,,https://shop.chessbase.com/en/pics/bp_7786
Ruy Lopez: Attack with the Schliemann,Sam Collins,FritzTrainer,https://shop.chessbase.com/en/products/collins_ruy_lopez_attack_with_the_schliemann,//youtube.com/embed/1oxuBI3x_eY,29.65,,48,https://shop.chessbase.com/en/pics/bp_7812
Catastrophe in the Opening,Andrew Martin,FritzTrainer,https://shop.chessbase.com/en/products/martin_catastrophe_in_the_opening,//youtube.com/embed/QYi8yuxg2Vc,29.65,5,35,https://shop.chessbase.com/en/pics/bp_7882
The Classical French - Main Line,Rustam Kasimdzhanov,FritzTrainer,https://shop.chessbase.com/en/products/kasimdzhanov_classical_french_main_line,//youtube.com/embed/5GGjwEvNAXY,29.65,5,05,https://shop.chessbase.com/en/pics/bp_7863
The Spanish Fianchetto,Sam Collins,FritzTrainer,https://shop.chessbase.com/en/products/collins_the_spanish_fianchetto,//youtube.com/embed/ce2LNjx6Gfw,29.65,4,9,https://shop.chessbase.com/en/pics/bp_7974
Open Games with ...Bc5,Sam Collins,FritzTrainer,https://shop.chessbase.com/en/products/collins_open_games_with_bc5,//youtube.com/embed/hE2JjztOGP4,29.65,,13,https://shop.chessbase.com/en/pics/bp_8026
Smash the Sicilian with the Smith-Morra Gambit,Michael Rahal,FritzTrainer,https://shop.chessbase.com/en/products/rahal_smith_morra_gambit,//youtube.com/embed/zhDOB7KoDEM,29.65,,5,https://shop.chessbase.com/en/pics/bp_8177
The Popular Italian,Victor Bologan,FritzTrainer,https://shop.chessbase.com/en/products/bologan_the_popular_italian,//youtube.com/embed/rTTloMTIl6w,29.65,,,https://shop.chessbase.com/en/pics/bp_8138
The Vienna Variation,Yannick Pelletier,FritzTrainer,https://shop.chessbase.com/en/products/pelletier_vienna_variation,//youtube.com/embed/r-py_49zcA0,29.65,,22,https://shop.chessbase.com/en/pics/bp_8181
My Black Secrets in the Modern Italian,Wesley So,FritzTrainer,https://shop.chessbase.com/en/products/wesley_so_my_black_secrets_in_the_modern_italian,//youtube.com/embed/M4SAb9FfW-0,34.61,,04,https://shop.chessbase.com/en/pics/bp_8123
The Open Sicilian Bundle,Roeland Pruijsses,FritzTrainer,https://shop.chessbase.com/en/products/pruijssers_zwirs_how_to_slay_the_sicilian_1_to_3_and_tactic_toolbox,"//youtube.com/embed/_FUnpVFnS-Y,//youtube.com/embed/q9xC_EZShSo,//youtube.com/embed/nUTeVSZIVHQ,//youtube.com/embed/e2E0FxOVhBU",99.06,37,,https://shop.chessbase.com/en/pics/bp_8480
Power Play 27: The King's Gambit,Daniel King,FritzTrainer,https://shop.chessbase.com/en/products/king_powerplay_27_kings_gambit,//youtube.com/embed/lMEVRHJ4Pog,29.65,5,50,https://shop.chessbase.com/en/pics/bp_8459
Fundamentals of Chess Openings,Qiyu Zhou,FritzTrainer,https://shop.chessbase.com/en/products/zhou_fundamentals_of_chess_openings,//youtube.com/embed/boD5khZuYB8,29.65,5,50,https://shop.chessbase.com/en/pics/bp_8469
Mastering the Sicilian Najdorf,Yannick Pelletier,FritzTrainer,https://shop.chessbase.com/en/products/pelletier_mastering_the_sicilian_najdorf,//youtube.com/embed/htONdK2y5Vw,29.65,,,https://shop.chessbase.com/en/pics/bp_8442
The London System with 2.Bf4 Reloaded,Simon Williams,FritzTrainer,https://shop.chessbase.com/en/products/williams_the_london_system_reloaded,//youtube.com/embed/W-s0kVKFiyo,29.65,7,16,https://shop.chessbase.com/en/pics/bp_8330
Tactic Toolbox London System,Simon Williams,FritzTrainer,https://shop.chessbase.com/en/products/williams_tactic_toolbox_london_system,//youtube.com/embed/KxAWe9jTWq8,29.65,3,14,https://shop.chessbase.com/en/pics/bp_8331
How to play the Ruy Lopez with Qe2,Sergei Tiviakov,FritzTrainer,https://shop.chessbase.com/en/products/tiviakov_the_ruy_lopez_with_qe2,//youtube.com/embed/ouCEWUjSd30,29.65,6,30,https://shop.chessbase.com/en/pics/bp_8511
London System with 2.Bf4 Reloaded and Tactic Toolbox London System,Simon Williams,FritzTrainer,https://shop.chessbase.com/en/products/williams_london_system_bundle,"//youtube.com/embed/W-s0kVKFiyo,//youtube.com/embed/KxAWe9jTWq8",54.43,7,16,https://shop.chessbase.com/en/pics/bp_8411
Power Play 28: Tactic Toolbox King's Gambit,Daniel King,FritzTrainer,https://shop.chessbase.com/en/products/king_powerplay_28_tactic_toolbox_kings_gambit,//youtube.com/embed/6gWJ9_0IMXA,29.65,3,,https://shop.chessbase.com/en/pics/bp_8485
Power Play 27 and 28 - The King's Gambit and Tactic Toolbox,Daniel King,FritzTrainer,https://shop.chessbase.com/en/products/king_powerplay_27_and_28_kings_gambit,"//youtube.com/embed/lMEVRHJ4Pog,//youtube.com/embed/6gWJ9_0IMXA",54.43,5,50,https://shop.chessbase.com/en/pics/bp_8496
The Benko Gambit Explained,Erwin l'Ami,FritzTrainer,https://shop.chessbase.com/en/products/lami_the_benko_gambit_explained,//youtube.com/embed/x6xTWD1NW2k,29.65,6,30,https://shop.chessbase.com/en/pics/bp_8453
Power Play 1-28,Daniel King,FritzTrainer,https://shop.chessbase.com/en/products/king_powerplay_1_to_28,,554.30,,,https://shop.chessbase.com/Content/Layout2018/new_product_en.png
The Torre Attack,Simon Williams,FritzTrainer,https://shop.chessbase.com/en/products/williams_the_torre_attack,//youtube.com/embed/KCCYEPfJ5YA,29.65,7,60,https://shop.chessbase.com/en/pics/bp_8326
The Colle-Koltanowski System,Simon Williams,FritzTrainer,https://shop.chessbase.com/en/products/williams_the_colle_koltanowski_system,//youtube.com/embed/Psgc1B5ZIwQ,29.65,5,60,https://shop.chessbase.com/en/pics/bp_8327
The White Sniper,Charlie Storey,FritzTrainer,https://shop.chessbase.com/en/products/storey_the_white_sniper,//youtube.com/embed/JlEoElyPoTg,29.65,6,40,https://shop.chessbase.com/en/pics/bp_8454
Opening package: 1.b3 and Black Secrets in the Modern Italian,Wesley So,FritzTrainer,https://shop.chessbase.com/en/products/wesley_so_opening_package,"//youtube.com/embed/ZvcHzMKhh8k,//youtube.com/embed/M4SAb9FfW-0",62.37,,50,https://shop.chessbase.com/en/pics/bp_8125
The Shining Sveshnikov Sicilian,Erwin l'Ami,FritzTrainer,https://shop.chessbase.com/en/products/lami_sveshnikov_sicilian,//youtube.com/embed/TNcpgrrhWOc,29.65,8,,https://shop.chessbase.com/en/pics/bp_8332
A Sicilian Stunner - The Kalashnikov,Nicholas Pert,FritzTrainer,https://shop.chessbase.com/en/products/pert_the_kalashnikov_sicilian,//youtube.com/embed/y9NxFUIrlTY,29.65,5,60,https://shop.chessbase.com/en/pics/bp_8334
Mastering Pattern Recognition in the Opening,Robert Ris,FritzTrainer,https://shop.chessbase.com/en/products/ris_mastering_pattern_recognition_the_opening,//youtube.com/embed/Ro7VXXeLLK4,29.65,6,40,https://shop.chessbase.com/en/pics/bp_8413
Tactic Toolbox Open Sicilian,Roeland Pruijsses,FritzTrainer,https://shop.chessbase.com/en/products/pruijssers_zwirs_open_sicilian_tactic_toolbox,//youtube.com/embed/_FUnpVFnS-Y,29.65,7,16,https://shop.chessbase.com/en/pics/bp_8471
How to slay the Sicilian Vol.1 - 2...d6,Roeland Pruijsses,FritzTrainer,https://shop.chessbase.com/en/products/pruijssers_zwirs_how_to_slay_the_sicilian_vol1,//youtube.com/embed/q9xC_EZShSo,29.65,13,,https://shop.chessbase.com/en/pics/bp_8472
How to slay the Sicilian Vol.2 - 2...Nc6,Roeland Pruijsses,FritzTrainer,https://shop.chessbase.com/en/products/pruijssers_zwirs_how_to_slay_the_sicilian_vol2,//youtube.com/embed/nUTeVSZIVHQ,29.65,7,,https://shop.chessbase.com/en/pics/bp_8473
How to slay the Sicilian Vol.3. - 2...e6 and others,Roeland Pruijsses,FritzTrainer,https://shop.chessbase.com/en/products/pruijssers_zwirs_how_to_slay_the_sicilian_vol3,//youtube.com/embed/e2E0FxOVhBU,29.65,10,,https://shop.chessbase.com/en/pics/bp_8474
Anti-London System,Yannick Pelletier,FritzTrainer,https://shop.chessbase.com/en/products/pelletier_anti_london_system_english,//youtube.com/embed/EVCw0fyc_hE,29.65,,50,https://shop.chessbase.com/en/pics/bp_8316
The nasty Nimzowitsch Defence,Christian Bauer,FritzTrainer,https://shop.chessbase.com/en/products/bauer_nasty_nimzowitsch_defence,//youtube.com/embed/_0lDard_0-4,29.65,3,44,https://shop.chessbase.com/en/pics/bp_8383
Marin's English Love Vol.1 and 2 - A complete repertoire for White after 1.c4,Mihail Marin,FritzTrainer,https://shop.chessbase.com/en/products/marin_english_love_vol_1_and_2,"//youtube.com/embed/oq5CyU0pQ0w,//youtube.com/embed/dR9ajFz0WIw",54.43,,13,https://shop.chessbase.com/en/pics/bp_8313
Marin's English Love - A complete repertoire for White after 1.c4 Vol.1,Mihail Marin,FritzTrainer,https://shop.chessbase.com/en/products/marin_english_love_vol1,//youtube.com/embed/oq5CyU0pQ0w,29.65,,13,https://shop.chessbase.com/en/pics/bp_8301
Marin's English Love - A complete repertoire for White after 1.c4 Vol.2,Mihail Marin,FritzTrainer,https://shop.chessbase.com/en/products/marin_english_love_vol2,//youtube.com/embed/dR9ajFz0WIw,29.65,,37,https://shop.chessbase.com/en/pics/bp_8302
Attacking Repertoire with 1.d4! Vol. 1,Nicholas Pert,FritzTrainer,https://shop.chessbase.com/en/products/pert_attacking_repertoire_with_d4_vol_1,//youtube.com/embed/24OeNrVVgeo,29.65,,35,https://shop.chessbase.com/en/pics/bp_8286
Attacking Repertoire with 1.d4! Vol. 2,Nicholas Pert,FritzTrainer,https://shop.chessbase.com/en/products/pert_attacking_repertoire_with_d4_vol_2,//youtube.com/embed/eCsDRp6e51E,29.65,,50,https://shop.chessbase.com/en/pics/bp_8287
A nightmare for the Najdorf,Sergei Tiviakov,FritzTrainer,https://shop.chessbase.com/en/products/tiviakov_nightmare_for_the_najdorf,//youtube.com/embed/wJxq0NxTLPs,29.65,5,20,https://shop.chessbase.com/en/pics/bp_8430
A modern approach against the Sicilian Vol.1: The Rossolimo Variation,Jan Werle,FritzTrainer,https://shop.chessbase.com/en/products/werle_the_rossolimo_variation,//youtube.com/embed/bo19u3znu0s,29.65,,,https://shop.chessbase.com/en/pics/bp_8435
A modern approach against the Sicilian Vol.2: The Moscow Variation,Jan Werle,FritzTrainer,https://shop.chessbase.com/en/products/werle_the_moscow_variation,//youtube.com/embed/QeHfMxwlbEs,29.65,8,,https://shop.chessbase.com/en/pics/bp_8436
The Rossolimo and Moscow Variation Bundle,Jan Werle,FritzTrainer,https://shop.chessbase.com/en/products/werle_rossolimo_moscow_variation_bundle,"//youtube.com/embed/bo19u3znu0s,//youtube.com/embed/QeHfMxwlbEs",54.43,5,30,https://shop.chessbase.com/en/pics/bp_8448
My Secret Weapon: 1.b3,Wesley So,FritzTrainer,https://shop.chessbase.com/en/products/wesley_so_my_secret_weapon_1b3,//youtube.com/embed/ZvcHzMKhh8k,34.61,,50,https://shop.chessbase.com/en/pics/bp_8122
The Baffling 2.b3 Sicilian,Lawrence Trent,FritzTrainer,https://shop.chessbase.com/en/products/trent_the_baffling_b3_sicilian,//youtube.com/embed/L8WkRz1zjLs,29.65,5,,https://shop.chessbase.com/en/pics/bp_8186
The Accelerated Dragon,Nadezhda Kosintseva,FritzTrainer,https://shop.chessbase.com/en/products/kosintseva_accelerated_dragon,//youtube.com/embed/OlWbrY4fnLo,29.65,,51,https://shop.chessbase.com/en/pics/bp_8163
A lifetime repertoire: Play the Nimzo Indian,Rustam Kasimdzhanov,FritzTrainer,https://shop.chessbase.com/en/products/kasimdzhanov_a_lifetime_repertoire_play_the_nimzo_indian,//youtube.com/embed/s5eoKHvf4J8,29.65,,47,https://shop.chessbase.com/en/pics/bp_8145
How Bobby Fischer battled the Sicilian,Adrian Mikhalchishin,FritzTrainer,https://shop.chessbase.com/en/products/mikhalchishin_how_bobby_fischer_battled_the_sicilian,,29.65,4,,https://shop.chessbase.com/en/pics/bp_8184
Le Système de Londres avec 2.Ff4 (French language),Christian Bauer,FritzTrainer,https://shop.chessbase.com/en/products/bauer_le_systeme_de_londres,//youtube.com/embed/DeH8rNdEdZU,29.65,,16,https://shop.chessbase.com/en/pics/bp_8318
Winning with the King's Indian Attack,Victor Bologan,FritzTrainer,https://shop.chessbase.com/en/products/bologan_winning_with_the_kings_indian_attack,//youtube.com/embed/8PK1we83Ehk,29.65,,27,https://shop.chessbase.com/en/pics/bp_8171
The Tarrasch Defence,Erwin l'Ami,FritzTrainer,https://shop.chessbase.com/en/products/lami_tarrasch_defence,//youtube.com/embed/Znqv_YOwHhw,29.65,7,,https://shop.chessbase.com/en/pics/bp_8182
The Bombastic Bird's - an energetic and exciting repertoire after 1.f4,Lawrence Trent,FritzTrainer,https://shop.chessbase.com/en/products/trent_bombastic_birds,//youtube.com/embed/zqJ9btaY1fQ,29.65,,21,https://shop.chessbase.com/en/pics/bp_8285
Queen's Indian Defence - The Modern Approach,Sergei Tiviakov,FritzTrainer,https://shop.chessbase.com/en/products/tiviakov_queens_indian_defence_the_modern_approach,//youtube.com/embed/TAMDur-_50g,29.65,10,,https://shop.chessbase.com/en/pics/bp_8379
The Aggressive Classical Dutch for Black,Nicholas Pert,FritzTrainer,https://shop.chessbase.com/en/products/pert_the_aggressive_classical_dutch,//youtube.com/embed/lPx-FlTA-Fw,29.65,,,https://shop.chessbase.com/en/pics/bp_8192
Rocket Repertoire: The Four Knights,Simon Williams,FritzTrainer,https://shop.chessbase.com/en/products/williams_rocket_repertoire_the_four_knights,//youtube.com/embed/oZIxtn9ceAw,29.65,,60,https://shop.chessbase.com/en/pics/bp_8049
Reti - A Repertoire for White,Victor Bologan,FritzTrainer,https://shop.chessbase.com/en/products/bologan_reti_a_repertoire_for_white,//youtube.com/embed/4D_WyTYx1Yw,29.65,,31,https://shop.chessbase.com/en/pics/bp_8050
The surprising Sicilian - Shock your opponent with an early ...Qb6,Andrew Martin,FritzTrainer,https://shop.chessbase.com/en/products/martin_the_surprising_sicilian_early_qb6,//youtube.com/embed/5mY1DlFXuNk,29.65,,19,https://shop.chessbase.com/en/pics/bp_8132
The Tactical Chigorin,Simon Williams,FritzTrainer,https://shop.chessbase.com/en/products/williams_the_tactical_chigorin,//youtube.com/embed/nzziz9Gfc4c,29.65,6,19,https://shop.chessbase.com/en/pics/bp_8069
The Reliable Petroff,Daniel Fernandez,FritzTrainer,https://shop.chessbase.com/en/products/fernandez_the_reliable_petroff,//youtube.com/embed/2-B3jJ31LhM,29.65,,29,https://shop.chessbase.com/en/pics/bp_8183
Meeting the Gambits Vol.2 - Gambits after 1.d4,Andrew Martin,FritzTrainer,https://shop.chessbase.com/en/products/martin_meeting_the_gambits_vol2,//youtube.com/embed/l2VAYnOMGsA	,29.65,,49,https://shop.chessbase.com/en/pics/bp_8172
The Amazing Albin Counter-Gambit,Lawrence Trent,FritzTrainer,https://shop.chessbase.com/en/products/trent_the_amazing_albin_counter_gambit,//youtube.com/embed/M5rFq2XSxYo,29.65,,05,https://shop.chessbase.com/en/pics/bp_8146
The Beasty Botvinnik Variation in the Semi-Slav!,Erwin l'Ami,FritzTrainer,https://shop.chessbase.com/en/products/lami_the_beasty_botvinnik_variation_in_the_semi_slav,//youtube.com/embed/Zzk60HTFJ6Q,29.65,,26,https://shop.chessbase.com/en/pics/bp_8093
King's Indian Defence (French Language),,FritzTrainer,https://shop.chessbase.com/en/products/libiszweski_maze_defense_est_indienne,,29.65,,,https://shop.chessbase.com/en/pics/bp_8185
A Classical Guide to the French Defence,Yannick Pelletier,FritzTrainer,https://shop.chessbase.com/en/products/pelletier_a_classical_guide_to_the_french,//youtube.com/embed/_-jwURsR2Tg,29.65,,27,https://shop.chessbase.com/en/pics/bp_8158
The Open Games - A detailed overview,Georgios Souleidis,FritzTrainer,https://shop.chessbase.com/en/products/souleidis_open_games,//youtube.com/embed/NispHfiy6mM,29.65,,,https://shop.chessbase.com/en/pics/bp_8189
How to crack the Berlin Wall with 5.Re1,Alexei Shirov,FritzTrainer,https://shop.chessbase.com/en/products/shirov_hot_to_crack_the_berlin_wall_with_re1,//youtube.com/embed/246nVeXvftA,29.65,,30,https://shop.chessbase.com/en/pics/bp_8018
Power Play 25: Popular Queen’s Pawn Openings – A Repertoire For Black,Daniel King,FritzTrainer,https://shop.chessbase.com/en/products/king_power_play_25_popular_queens_pawn_openings_repertoire_for_black,//youtube.com/embed/YVK90iAlCfc,29.65,5,,https://shop.chessbase.com/en/pics/bp_8041
Evans Gambit for the new generation,Simon Williams,FritzTrainer,https://shop.chessbase.com/en/products/williams_evans_gambit_for_the_new_generation,//youtube.com/embed/s3EZmCqBojE,29.65,4,26,https://shop.chessbase.com/en/pics/bp_7970
The Blumenfeld Gambit - A sharp weapon in the Benoni,Andrew Martin,FritzTrainer,https://shop.chessbase.com/en/products/martin_the_blumenfeld_gambit_a_sharp_weapon_in_the_benoni,//youtube.com/embed/Nz0Jn5sufNc,29.65,,44,https://shop.chessbase.com/en/pics/bp_8048
Strike first with the Scandinavian,Christian Bauer,FritzTrainer,https://shop.chessbase.com/en/products/bauer_strike_first_with_the_scandinavian,//youtube.com/embed/X9f0k1AcTwQ,29.65,,11,https://shop.chessbase.com/en/pics/bp_8076
Frappez les premiers avec la Scandinave,Christian Bauer,FritzTrainer,https://shop.chessbase.com/en/products/bauer_frappez_les_premiers_avec_la_scandinave,//youtube.com/embed/2kyWDuT8L-I,29.65,,6,https://shop.chessbase.com/en/pics/bp_8077
The Dutch Stonewall - A fighting repertoire against 1.d4,Erwin l'Ami,FritzTrainer,https://shop.chessbase.com/en/products/lami_the_stonewall_dutch_a_fighting_repertoire_vs_1_d4,//youtube.com/embed/quf17wCH4fw,29.65,,26,https://shop.chessbase.com/en/pics/bp_8020
The Sniper,Charlie Storey,FritzTrainer,https://shop.chessbase.com/en/products/storey_the_sniper,//youtube.com/embed/V4yqWfQEFWM,29.65,,34,https://shop.chessbase.com/en/pics/bp_8094
The Modern Pirc,Victor Bologan,FritzTrainer,https://shop.chessbase.com/en/products/bologan_the_modern_pirc,//youtube.com/embed/nSjl5xl-KKA,29.65,,42,https://shop.chessbase.com/en/pics/bp_8021
The Hedgehog - a universal system against 1.c4 and 1.Nf3,Yannick Pelletier,FritzTrainer,https://shop.chessbase.com/en/products/pelletier_the_hedgehog,//youtube.com/embed/lwluIpBHxPo,29.65,,46,https://shop.chessbase.com/en/pics/bp_8067
Le Hérisson - un système universel contre 1.c4 et 1.Cf3,Yannick Pelletier,FritzTrainer,https://shop.chessbase.com/en/products/pelletier_le_herisson,//youtube.com/embed/LKznQFvYRUo,29.65,,22,https://shop.chessbase.com/en/pics/bp_8068
Meeting the Gambits Vol.1 - Gambits after 1.e4,Andrew Martin,FritzTrainer,https://shop.chessbase.com/en/products/martin_meeting_the_gambits_vol_1,//youtube.com/embed/5tTv4MdfhP0,29.65,,55,https://shop.chessbase.com/en/pics/bp_7976
Beat the Queen's Indian: The modern Fianchetto Line,Simon Williams,FritzTrainer,https://shop.chessbase.com/en/products/williams_beat_the_queens_indian_modern_fianchetto,//youtube.com/embed/h1eNlWN9t0c,29.65,7,60,https://shop.chessbase.com/en/pics/bp_7914
A Black Repertoire against Offbeat Openings,Nicholas Pert,FritzTrainer,https://shop.chessbase.com/en/products/pert_a_black_repertoire_vs_offbeat_openings,//youtube.com/embed/fn28PmhH--U,29.65,5,,https://shop.chessbase.com/en/pics/bp_7915
A Gambit Guide through the Open Game Vol.2,Erwin l'Ami,FritzTrainer,https://shop.chessbase.com/en/products/lami_gambit_guide_through_the_open_game_vol2,//youtube.com/embed/ZgNihFOFz2k,29.65,6,46,https://shop.chessbase.com/en/pics/bp_7933
A Gambit Guide through the Open Game Vol.1,Erwin l'Ami,FritzTrainer,https://shop.chessbase.com/en/products/lami_gambit_guide_through_the_open_game_vol1,//youtube.com/embed/67wUNPGprq0,29.65,6,41,https://shop.chessbase.com/en/pics/bp_7934
A Gambit Guide through the Open Game Vol.1 and 2,Erwin l'Ami,FritzTrainer,https://shop.chessbase.com/en/products/lami_gambit_guide_through_the_open_game_bundle,"//youtube.com/embed/67wUNPGprq0,	//youtube.com/embed/ZgNihFOFz2k",54.43,,41,https://shop.chessbase.com/en/pics/bp_7940
The Fashionable Caro-Kann Vol.1,Vidit Gujrathi,FritzTrainer,https://shop.chessbase.com/en/products/gujrathi_the_fashionable_caro_kann_vol_1,//youtube.com/embed/5MAcyFbeMFo,29.65,,31,https://shop.chessbase.com/en/pics/bp_8034
The Fashionable Caro-Kann Vol.2,Vidit Gujrathi,FritzTrainer,https://shop.chessbase.com/en/products/gujrathi_the_fashionable_caro_kann_vol_2,//youtube.com/embed/L-ZYyvRUf3Y,29.65,,48,https://shop.chessbase.com/en/pics/bp_8035
The Fashionable Caro-Kann Vol.1 and 2,Vidit Gujrathi,FritzTrainer,https://shop.chessbase.com/en/products/gujrathi_the_fashionable_caro_kann_bundle,"//youtube.com/embed/5MAcyFbeMFo,//youtube.com/embed/L-ZYyvRUf3Y",54.43,,31,https://shop.chessbase.com/en/pics/bp_8036
The Black Lion - an aggressive version of the Philidor Defense,Simon Williams,FritzTrainer,https://shop.chessbase.com/en/products/williams_the_black_lion_an_aggressive_version_of_the_philidor_defense,//youtube.com/embed/eZvpyrKXCc8,29.65,5,27,https://shop.chessbase.com/en/pics/bp_7944
The Semi-Slav,GM Peter Heine Nielsen,FritzTrainer,https://shop.chessbase.com/en/products/nielsen_the_semi_slav_gm_guide_for_the_tournament_player,//youtube.com/embed/9KGOQxQEUJo,29.65,7,6,https://shop.chessbase.com/en/pics/bp_7947
The 4...Nf6 Caro-Kann,Nigel Davies,FritzTrainer,https://shop.chessbase.com/en/products/davies_the_4_nf6_caro_kann,//youtube.com/embed/hqubxkcA-qw,29.65,4,,https://shop.chessbase.com/en/pics/bp_7956
Trompowsky for the attacking player,Timur Gareyev,FritzTrainer,https://shop.chessbase.com/en/products/gareyev_trompowsky_for_the_attacking_player,//youtube.com/embed/Akc8PGlK4ZE,29.65,4,36,https://shop.chessbase.com/en/pics/bp_7957
Winning against the Classical Slav,Mihail Marin,FritzTrainer,https://shop.chessbase.com/en/products/marin_winning_against_the_classical_slav,//youtube.com/embed/vcwYguavfMA,29.65,6,10,https://shop.chessbase.com/en/pics/bp_7898
Power Play 23: A Repertoire for black with the Queen's Gambit Declined,Daniel King,FritzTrainer,https://shop.chessbase.com/en/products/king_power_play_23_queens_gambit_declined,//youtube.com/embed/oE1Fp3Z8q00,29.65,5,52,https://shop.chessbase.com/en/pics/bp_7937
Power Play 24: A repertoire for black against the Catalan,Daniel King,FritzTrainer,https://shop.chessbase.com/en/products/king_power_play_24_a_repertoire_against_the_catalan,//youtube.com/embed/ocPxEADRw64,29.65,5,36,https://shop.chessbase.com/en/pics/bp_7939
Power Play Vol.23 and 24,Daniel King,FritzTrainer,https://shop.chessbase.com/en/products/king_power_play_23_power_play_24_bundle_english,"//youtube.com/embed/oE1Fp3Z8q00,//youtube.com/embed/ocPxEADRw64",54.43,,52,https://shop.chessbase.com/en/pics/bp_7942
Exchange on d5 in the Slav and Queen's Gambit,Simon Williams,FritzTrainer,https://shop.chessbase.com/en/products/williams_simple_but_powerful_exchange_on_d5,//youtube.com/embed/zbViOAM9otE,29.65,6,34,https://shop.chessbase.com/en/pics/bp_7874
King's Indian: A modern approach,Victor Bologan,FritzTrainer,https://shop.chessbase.com/en/products/bologan_kings_indian_a_modern_approach,//youtube.com/embed/yzyU54YEEoU,29.65,7,14,https://shop.chessbase.com/en/pics/bp_7886
Semi-Tarrasch: A universal weapon against 1.d4,Mihail Marin,FritzTrainer,https://shop.chessbase.com/en/products/marin_semi_tarrasch_a_univeral_weapon_against_d4,//youtube.com/embed/slkqQjn7qcw,29.65,6,10,https://shop.chessbase.com/en/pics/bp_7925
The complex Najdorf,Victor Bologan,FritzTrainer,https://shop.chessbase.com/en/products/bologan_the_complex_najdorf,//youtube.com/embed/iovDtgsdh60,29.65,6,31,https://shop.chessbase.com/en/pics/bp_7913
Strengthen your chess foundation,Nisha Mohota,FritzTrainer,https://shop.chessbase.com/en/products/mohota_strengthen_your_chess_foundation,//youtube.com/embed/SIHfpngJgTs,29.65,,05,https://shop.chessbase.com/en/pics/bp_8017
The modern Two Knights,Erwin l'Ami,FritzTrainer,https://shop.chessbase.com/en/products/lami_the_modern_two_knights,//youtube.com/embed/m1Rgf9O6dGM,29.65,,27,https://shop.chessbase.com/en/pics/bp_7806
A strategic weapon against 1.d4: The Queen's Indian Defense,Victor Bologan,FritzTrainer,https://shop.chessbase.com/en/products/bologan_a_strategic_weapon_against_1d4_the_queens_indian_defense,//youtube.com/embed/-dPOqEF_giY,29.65,,10,https://shop.chessbase.com/en/pics/bp_7810
A dynamic weapon against the QGD - 5.Bf4,Simon Williams,FritzTrainer,https://shop.chessbase.com/en/products/williams_dynamic_weapon_vs_d4_qgd_with_5bf4,//youtube.com/embed/oyb2AdWWLsw,29.65,,39,https://shop.chessbase.com/en/pics/bp_7811
Trends in modern openings 2015,Rustam Kasimdzhanov,FritzTrainer,https://shop.chessbase.com/en/products/kasimdzhanov_trends_in_modern_openings_2015,//youtube.com/embed/JkfN9wj0OLQ,29.65,,53,https://shop.chessbase.com/en/pics/bp_7818
The Classical Sicilian,Mihail Marin,FritzTrainer,https://shop.chessbase.com/en/products/marin_classical_sicilian,//youtube.com/embed/_2DbHJLNC80,29.65,5,,https://shop.chessbase.com/en/pics/bp_7859
Queen's Gambit Declined - A repertoire for Black based on the Lasker Variation,Sam Collins,FritzTrainer,https://shop.chessbase.com/en/products/collins_qgd_lasker_variation,//youtube.com/embed/yW5bImJKGeg,29.65,5,50,https://shop.chessbase.com/en/pics/bp_7906
The English Opening Vol. 1,Simon Williams,FritzTrainer,https://shop.chessbase.com/en/products/williams_english_opening_vol_1,//youtube.com/embed/4T3fe-KpIEI,29.65,,21,https://shop.chessbase.com/en/pics/bp_7826
The English Opening Vol. 2,Simon Williams,FritzTrainer,https://shop.chessbase.com/en/products/williams_english_opening_vol_2,//youtube.com/embed/vB63JV0CZzg,29.65,,50,https://shop.chessbase.com/en/pics/bp_7827
The Accelerated London with 2.Bf4,Nigel Davies,FritzTrainer,https://shop.chessbase.com/en/products/davies_accelerated_london_bf4,//youtube.com/embed/fZ-YB58JcW0,29.65,4,21,https://shop.chessbase.com/en/pics/bp_7923
Nimzowitsch Defence 1.e4 Nc6,Andrew Martin,FritzTrainer,https://shop.chessbase.com/en/products/martin_nimzowitsch_defence,//youtube.com/embed/sV1x-JqHb70,29.65,4,08,https://shop.chessbase.com/en/pics/bp_7920
The Berlin Wall,Victor Bologan,FritzTrainer,https://shop.chessbase.com/en/products/bologan_the_berlin_wall,//youtube.com/embed/k4WIBqRGoXo,29.65,4,07,https://shop.chessbase.com/en/pics/bp_7862
The Ragozin Defense,Alejandro Ramirez,FritzTrainer,https://shop.chessbase.com/en/products/ramirez_ragozin_defense,//youtube.com/embed/jvN4zZjA4EE,29.65,5,26,https://shop.chessbase.com/en/pics/bp_7804
Tactic Toolbox Semi-Slav with 5.Bg5,Robert Ris,FritzTrainer,https://shop.chessbase.com/en/products/ris_tactic_toolbox_semi_slav_5bg5,//youtube.com/embed/PFrw286ZgDQ,29.65,,41,https://shop.chessbase.com/en/pics/bp_7805
Trends in modern openings (2014),Rustam Kasimdzhanov,FritzTrainer,https://shop.chessbase.com/en/products/kasimdzhanov_trends_in_modern_openings,//youtube.com/embed/uQMkMPyItU0,29.65,4,,https://shop.chessbase.com/en/pics/bp_7778
English Attack,Daniel Gormally,FritzTrainer,https://shop.chessbase.com/en/products/gormally_english_attack,//youtube.com/embed/FchKif01tTg,29.65,7,,https://shop.chessbase.com/en/pics/bp_7842
The Ruy Lopez Breyer Variation,Pavel Eljanov,FritzTrainer,https://shop.chessbase.com/en/products/eljanov_ruy_lopez_breyer_variation,//youtube.com/embed/T_nChgNl7Xk,29.65,5,13,https://shop.chessbase.com/en/pics/bp_7843
Winning against King's Indian - With the main line,Mihail Marin,FritzTrainer,https://shop.chessbase.com/en/products/marin_winning_against_kings_indian,//youtube.com/embed/fiWeYnpWvDI,29.65,4,11,https://shop.chessbase.com/en/pics/bp_7789
Power Play 22: A Repertoire for Black with the French Defence,Daniel King,FritzTrainer,https://shop.chessbase.com/en/products/king_power_play_22_french,//youtube.com/embed/JEghEowuSag,29.65,,43,https://shop.chessbase.com/en/pics/bp_7822
The Bishop's Opening and The Italian Game,Sergei Tiviakov,FritzTrainer,https://shop.chessbase.com/en/products/tiviakov_bishops_opening_and_italian_game,//youtube.com/embed/f2KWLr1bj0s,29.65,4,15,https://shop.chessbase.com/en/pics/bp_7869
The new McCutcheon,Rustam Kasimdzhanov,FritzTrainer,https://shop.chessbase.com/en/products/kasimdzhanov_the_new_mccutcheon,//youtube.com/embed/ugrA37KeQ0o,29.65,4,42,https://shop.chessbase.com/en/pics/bp_7785
Learn from the Classics,Sagar Shah,FritzTrainer,https://shop.chessbase.com/en/products/shah_learn_from_the_classics,//youtube.com/embed/FH1b13zS1rU,29.65,4,45,https://shop.chessbase.com/en/pics/bp_7883
Solid and safe against the Indian openings: Play the Fianchetto,Nicholas Pert,FritzTrainer,https://shop.chessbase.com/en/products/pert_solid_and_safe_against_indians_play_the_fianchetto,//youtube.com/embed/1t30hgG7YLM,29.65,5,44,https://shop.chessbase.com/en/pics/bp_7797
King's Gambit Vol.1,Simon Williams,FritzTrainer,https://shop.chessbase.com/en/products/williams_kings_gambit_vol1,//youtube.com/embed/okkZH4y3j40,29.65,,42,https://shop.chessbase.com/en/pics/bp_7706
King's Gambit Vol.2,Simon Williams,FritzTrainer,https://shop.chessbase.com/en/products/williams_kings_gambit_vol2,"//youtube.com/embed/aVy22a4nbrM,//youtube.com/embed/6BTs8Sg1qe8",29.65,,33,https://shop.chessbase.com/en/pics/bp_7707
Tactic Toolbox Grünfeld,Michal Krasenkow,FritzTrainer,https://shop.chessbase.com/en/products/krasenkow_tactic_toolbox_gruenfeld,//youtube.com/embed/DM0txcyTCfA,29.65,4,,https://shop.chessbase.com/en/pics/bp_7739
Play the Pirc like a Grandmaster Vol. 1: Positional lines,Mihail Marin,FritzTrainer,https://shop.chessbase.com/en/products/marin_play_the_pirc_like_a_grandmaster_vol_1_positionallines,//youtube.com/embed/BAijYAGcrPY,29.65,4,,https://shop.chessbase.com/en/pics/bp_7726
Play the Pirc like a Grandmaster Vol. 2: Attacking lines,Mihail Marin,FritzTrainer,https://shop.chessbase.com/en/products/marin_play_the_pirc_like_a_grandmaster_vol_2_attackinglines,//youtube.com/embed/qeLGzxwO8c0,29.65,,,https://shop.chessbase.com/en/pics/bp_7728
Fighting against the Caro-Kann with the Advance Variation,Victor Bologan,FritzTrainer,https://shop.chessbase.com/en/products/bologan_fighting_against_caro_kann,//youtube.com/embed/HDJqdXvQenM,29.65,,38,https://shop.chessbase.com/en/pics/bp_7716
The Modern Scotch Opening,Parimarjan Negi,FritzTrainer,https://shop.chessbase.com/en/products/negi_the_modern_scotch_opening,//youtube.com/embed/FFQmMm7OuhM,29.65,,,https://shop.chessbase.com/en/pics/bp_7723
The Triangle Setup - A complete defense against 1.d4,Michal Krasenkow,FritzTrainer,https://shop.chessbase.com/en/products/krasenkow_triangle_setup_defence_against_d4,//youtube.com/embed/PPGCdC6F3xA,29.65,5,29,https://shop.chessbase.com/en/pics/bp_7788
Original and aggressive: 1...b6 for practical players,Nigel Davies,FritzTrainer,https://shop.chessbase.com/en/products/davies_original_and_aggressive_1_b6_for_practical_players,//youtube.com/embed/iULDbhS2HWo,29.65,,39,https://shop.chessbase.com/en/pics/bp_7819
Tactic Toolbox Meran Variation,Robert Ris,FritzTrainer,https://shop.chessbase.com/en/products/ris_tactic_toolbox_meran_variation,//youtube.com/embed/hggxD7dZMIc,29.65,6,,https://shop.chessbase.com/en/pics/bp_7791
Tactic Toolbox Benoni,Mihail Marin,FritzTrainer,https://shop.chessbase.com/en/products/marin_tactic_toolbox_benoni,//youtube.com/embed/h_uJORFOG-0,29.65,4,45,https://shop.chessbase.com/en/pics/bp_7781
The French Defence for the Tournament Player,Nicholas Pert,FritzTrainer,https://shop.chessbase.com/en/products/pert_french_defence_for_the_tournament_player,//youtube.com/embed/tiWjnrsbzvg,29.65,7,,https://shop.chessbase.com/en/pics/bp_6625
Tactic Toolbox Scheveningen,Lubomir Ftacnik,FritzTrainer,https://shop.chessbase.com/en/products/ftacnik_tactic_toolbox_scheveningen_english,//youtube.com/embed/22wfUXZU67s,27.67,7,16,https://shop.chessbase.com/en/pics/bp_7735
The solid Slav Defence,Nicholas Pert,FritzTrainer,https://shop.chessbase.com/en/products/pert_the_solid_slav_defence,//youtube.com/embed/xVEBME6s2kA,29.65,5,20,https://shop.chessbase.com/en/pics/bp_6638
The Sicilian Dragon Vol. 1: Main Line with 9.Bc4,GM Peter Heine Nielsen,FritzTrainer,https://shop.chessbase.com/en/products/nielsen_the_sicilian_dragon_1_9_bc4,//youtube.com/embed/kVc9YYRMpUg,29.65,4,20,https://shop.chessbase.com/en/pics/bp_6650
The Sicilian Dragon Vol. 2: All Lines except 9.Bc4,GM Peter Heine Nielsen,FritzTrainer,https://shop.chessbase.com/en/products/nielsen_the_sicilian_dragon_2,//youtube.com/embed/uef1xtMIFdk,29.65,4,35,https://shop.chessbase.com/en/pics/bp_6652
Tactic Toolbox Najdorf,Niclas Huschenbeth,FritzTrainer,https://shop.chessbase.com/en/products/huschenbeth_tactic_toolbox_najdorf,//youtube.com/embed/sBnF92_ld_8,29.65,6,,https://shop.chessbase.com/en/pics/bp_7711
ABC of the English Opening,Lorin D'Costa,FritzTrainer,https://shop.chessbase.com/en/products/dcosta_abc_of_the_english_opening,//youtube.com/embed/P0yFP0eqOMM,27.67,7,,https://shop.chessbase.com/en/pics/bp_7737
Winning against the Grünfeld,Mihail Marin,FritzTrainer,https://shop.chessbase.com/en/products/marin_winning_against_the_gruenfeld,//youtube.com/embed/XBGenG4OY5A,29.65,4,31,https://shop.chessbase.com/en/pics/bp_6695
Crushing Isolated Queen’s Pawn Tactics,Robert Ris,FritzTrainer,https://shop.chessbase.com/en/products/ris_crushing_iqp_tactics,//youtube.com/embed/b6DGd_XbkjA,29.65,,29,https://shop.chessbase.com/en/pics/bp_7712
The wicked Veresov Attack,Andrew Martin,FritzTrainer,https://shop.chessbase.com/en/products/martin_the_wicked_veresov_attack,//youtube.com/embed/rFQzTT4xGSo,27.67,,24,https://shop.chessbase.com/en/pics/bp_7729
The Sicilian Tajmanov-Scheveningen,Alejandro Ramirez,FritzTrainer,https://shop.chessbase.com/en/products/ramirez_sicilian_tajmanov_scheveningen,//youtube.com/embed/WZy33UjggVE,29.65,,39,https://shop.chessbase.com/en/pics/bp_7717
Attacking with the Benko Gambit - Part 2,Alejandro Ramirez,FritzTrainer,https://shop.chessbase.com/en/products/ramirez_attacking_with_the_benko_gambit_part2,//youtube.com/embed/SNcQSu-azHA,27.67,,,https://shop.chessbase.com/en/pics/bp_6581
"The Reti, a flexible attacking opening",Alejandro Ramirez,FritzTrainer,https://shop.chessbase.com/en/products/ramirez_the_reti_a_flexible_attacking_opening,//youtube.com/embed/o2tzrd-apkg,27.67,,,https://shop.chessbase.com/en/pics/bp_6598
English 1.c4 e5 for Black,Victor Bologan,FritzTrainer,https://shop.chessbase.com/en/products/bologan_english_c4_e5_for_black,//youtube.com/embed/-NkrUurvyrs,29.65,,26,https://shop.chessbase.com/en/pics/bp_6524
"1.e4 - How to tame the Alekhine, Scandinavian and Pirc",Victor Bologan,FritzTrainer,https://shop.chessbase.com/en/products/bologan_1_e4_how_to_tame_the_alekhine_scandinavian_and_pirc,//youtube.com/embed/wvB1k0W3A08,29.65,4,30,https://shop.chessbase.com/en/pics/bp_6526
Queen's Gambit Declined,Lorin D'Costa,FritzTrainer,https://shop.chessbase.com/en/products/dcosta_murphy_queens_gambit_declined,//youtube.com/embed/XhSOC7VTsYM,27.67,7,28,https://shop.chessbase.com/en/pics/bp_6676
Tactic Toolbox Ruy Lopez / Spanish Opening,Sam Collins,FritzTrainer,https://shop.chessbase.com/en/products/collins_tactic_toolbox_ruy_lopez,//youtube.com/embed/V_d3IvIUx3c,27.67,,35,https://shop.chessbase.com/en/pics/bp_6662
How to play the Sicilian Defence!,Elisabeth Pähtz,FritzTrainer,https://shop.chessbase.com/en/products/paehtz_how_to_play_the_sicilian,//youtube.com/embed/Z8-IC2gMDMA,27.67,3,30,https://shop.chessbase.com/en/pics/bp_6629
Leningrad Dutch,Mihail Marin,FritzTrainer,https://shop.chessbase.com/en/products/marin_leningrad_dutch,//youtube.com/embed/9EuIShmeT3w,29.65,5,16,https://shop.chessbase.com/en/pics/bp_6623
The modern Grand Prix Attack,Lawrence Trent,FritzTrainer,https://shop.chessbase.com/en/products/trent_the_modern_grand_prix_attack,//youtube.com/embed/_yXlnsrjXKs,27.67,,41,https://shop.chessbase.com/en/pics/bp_6677
A World Champion's Repertoire against the Queen's Gambit Declined,Robert Ris,FritzTrainer,https://shop.chessbase.com/en/products/ris_world_champions_repertoire_vs_queens_gambit_declined,//youtube.com/embed/qqenmNt95pQ,29.65,5,,https://shop.chessbase.com/en/pics/bp_6678
A Black Repertoire against the Two Knights,Robert Ris,FritzTrainer,https://shop.chessbase.com/en/products/ris_a_black_repertoire_against_the_two_knights,//youtube.com/embed/QHrUxIN2fmk,29.65,5,40,https://shop.chessbase.com/en/pics/bp_6686
Strike like the world champions,Oliver Reeh,FritzTrainer,https://shop.chessbase.com/en/products/reeh_strike_like_the_world_champions,//youtube.com/embed/3Xhiieevzis,29.65,,30,https://shop.chessbase.com/en/pics/bp_8130
"Pieces, Pawns and Squares",Adrian Mikhalchishin,FritzTrainer,https://shop.chessbase.com/en/products/mikhalchishin_pieces_pawns_and_squares,//youtube.com/embed/fsBt9NF-FCc,29.65,,11,https://shop.chessbase.com/en/pics/bp_8104
Calculation Training,Robert Ris,FritzTrainer,https://shop.chessbase.com/en/products/ris_calculation_training,//youtube.com/embed/ISMA31X6pw4,29.65,,52,https://shop.chessbase.com/en/pics/bp_8143
What Grandmasters Don’t See Vol. 1-3,Maurice Ashley,FritzTrainer,https://shop.chessbase.com/en/products/what_grandmasters_dont_see_vol1_3,//www.youtube.com/embed/Nvd21YO_hW4,49.48,4,18,https://shop.chessbase.com/en/pics/bp_8310
Extreme Calculation Training,Robert Ris,FritzTrainer,https://shop.chessbase.com/en/products/ris_extreme_calculation_training,//youtube.com/embed/-LDlhsl92hY,29.65,,,https://shop.chessbase.com/en/pics/bp_8237
Strategy Training: How to Make a Plan,Robert Ris,FritzTrainer,https://shop.chessbase.com/en/products/ris_how_to_make_a_plan,//youtube.com/embed/BQBIlbwe1cw,29.65,8,,https://shop.chessbase.com/en/pics/bp_8335
Typical Mistakes by 1000-1600 Players,Nicholas Pert,FritzTrainer,https://shop.chessbase.com/en/products/pert_typical_mistakes_by_1000_1600_players,//youtube.com/embed/u00yK8nOm7Q,29.65,4,40,https://shop.chessbase.com/en/pics/bp_8385
Fundamentals of Chess Tactics,Qiyu Zhou,FritzTrainer,https://shop.chessbase.com/en/products/zhou_fundamentals_of_chess_tactics,//youtube.com/embed/GUGFOO-FmeI,29.65,,,https://shop.chessbase.com/en/pics/bp_8468
Practical Chess Strategy: The Bishop,Merijn van Delft,FritzTrainer,https://shop.chessbase.com/en/products/van_delft_practical_strategy_bishop,//youtube.com/embed/Iy1UfIH-lh4,29.65,6,,https://shop.chessbase.com/Content/Layout2018/new_product_en.png
Understanding Middlegame Strategies Vol.1 - Dynamic Pawns,Ivan Sokolov,FritzTrainer,https://shop.chessbase.com/en/products/sokolov_understanding_middlegame_strategies_vol_1,//youtube.com/embed/IOxZRMjgH40,29.65,4,60,https://shop.chessbase.com/en/pics/bp_8490
Strategy and Tactics,Peter Wells,FritzTrainer,https://shop.chessbase.com/en/products/strategy_and_tactics,//youtube.com/embed/N1g7NIgCKwo,24.78,,34,https://shop.chessbase.com/en/pics/bp_4026
The path to tactical strength,Rustam Kasimdzhanov,FritzTrainer,https://shop.chessbase.com/en/products/the_path_to_tactical_strength,,29.74,,15,https://shop.chessbase.com/en/pics/bp_4116
Power Play 11 - Defence,Daniel King,FritzTrainer,https://shop.chessbase.com/en/products/power_play11-defence,,29.74,,25,https://shop.chessbase.com/en/pics/bp_5804
The Secret to Chess,Maurice Ashley,FritzTrainer,https://shop.chessbase.com/en/products/the_secret_to_chess,//youtube.com/embed/M_okqyKTD-4,29.70,4,60,https://shop.chessbase.com/en/pics/bp_5767
Chess Highways,Dejan Bojkov,FritzTrainer,https://shop.chessbase.com/en/products/bojkov_chess_chess_highways,//youtube.com/embed/BNyTjeOd3pQ,29.65,5,38,https://shop.chessbase.com/en/pics/bp_6217
Know the Terrain Vol.6: Isolated Queen's Pawn,Sam Collins,FritzTrainer,https://shop.chessbase.com/en/products/collins_know_the_terrain_vol_6_isolated_queens_pawn,//youtube.com/embed/l6Aa1PYI9jU,27.67,,35,https://shop.chessbase.com/en/pics/bp_6636
Power Strategy 2 - The Middlegame - Static Positions,Mihail Marin,FritzTrainer,https://shop.chessbase.com/en/products/marin_power_strategy_2_middlegame_static_positions,//youtube.com/embed/PUbGSM9IUCI,29.65,4,37,https://shop.chessbase.com/en/pics/bp_7803
Learning from the World Champions,Sergei Tiviakov,FritzTrainer,https://shop.chessbase.com/en/products/tiviakov_learning_from_the_world_champions,//youtube.com/embed/ZSQtCIw2VHA,29.65,5,45,https://shop.chessbase.com/en/pics/bp_7907
Typical mistakes by 1600-1900 players,Nicholas Pert,FritzTrainer,https://shop.chessbase.com/en/products/pert_typical_mistakes_by_1600_1900_players,//youtube.com/embed/WqnxRpM2trI,29.65,,05,https://shop.chessbase.com/en/pics/bp_7817
The Chess Player’s Mating Guide Vol. 1: The King in the Centre,Robert Ris,FritzTrainer,https://shop.chessbase.com/en/products/ris_mating_guide_vol1_king_in_the_centre,//youtube.com/embed/FpZGmfRgBig,29.65,5,,https://shop.chessbase.com/en/pics/bp_7909
Typical mistakes by 1800-2000 players,Nicholas Pert,FritzTrainer,https://shop.chessbase.com/en/products/pert_typical_mistakes_by_1800_2000_players,//youtube.com/embed/blYS7LMH--Q,29.65,3,50,https://shop.chessbase.com/en/pics/bp_7896
Pawn structures you should know,Adrian Mikhalchishin,FritzTrainer,https://shop.chessbase.com/en/products/mikhalchishin_pawn_structures_you_should_know,//youtube.com/embed/nXyk-BeORFw,29.65,5,6,https://shop.chessbase.com/en/pics/bp_7958
The Art of the Positional Exchange Sacrifice,Sergei Tiviakov,FritzTrainer,https://shop.chessbase.com/en/products/tiviakov_the_art_of_the_positional_exchange_sacrifice,//youtube.com/embed/uBQn8wxTpA0,29.65,,21,https://shop.chessbase.com/en/pics/bp_8019
How to exchange pieces,Elisabeth Pähtz,FritzTrainer,https://shop.chessbase.com/en/products/paehtz_the_right_exchange,//youtube.com/embed/FIBcHCC_xB0,29.65,4,35,https://shop.chessbase.com/en/pics/bp_7963
The Art of Defence,Sergei Tiviakov,FritzTrainer,https://shop.chessbase.com/en/products/tiviakov_the_art_of_defence,//youtube.com/embed/mRX5XN_VFa4,29.65,,19,https://shop.chessbase.com/en/pics/bp_8028
Pattern Recognition and Typical Plans,Adrian Mikhalchishin,FritzTrainer,https://shop.chessbase.com/en/products/mikhalchishin_pattern_recognition_and_typical_plans,//youtube.com/embed/W9yvewS9eHI,29.65,,09,https://shop.chessbase.com/en/pics/bp_8023
The Chess Player's Mating Guide Vol.2 - Weakened kingside,Robert Ris,FritzTrainer,https://shop.chessbase.com/en/products/ris_mating_guide_vol_2_weakened_kingside,//youtube.com/embed/QIiKkmp2DIQ,29.65,5,,https://shop.chessbase.com/en/pics/bp_8051
Realizing an Advantage,Sergei Tiviakov,FritzTrainer,https://shop.chessbase.com/en/products/tiviakov_realizing_an_advantage,//youtube.com/embed/Gu4ZcD85N6g,29.65,,11,https://shop.chessbase.com/en/pics/bp_8092
Ask the pieces,Dr. Karsten Müller,FritzTrainer,https://shop.chessbase.com/en/products/becker_mueller_ask_the_pieces,//youtube.com/embed/A660UgPz4Kw,19.73,,17,https://shop.chessbase.com/en/pics/bp_6592
Power Play 20: Test Your Attacking Chess,Daniel King,FritzTrainer,https://shop.chessbase.com/en/products/king_powerplay20_test_your_attacking_chess,//youtube.com/embed/ZAP7vtiUrBM,29.65,4,40,https://shop.chessbase.com/en/pics/bp_6658
Improve your chess with Tania Sachdev,Tania Sachdev,FritzTrainer,https://shop.chessbase.com/en/products/sachdev_improve_your_chess,//youtube.com/embed/VbubG0cHLBA,27.67,4,50,https://shop.chessbase.com/en/pics/bp_6693
Power Strategy 1 - From the Opening to the Middlegame,Mihail Marin,FritzTrainer,https://shop.chessbase.com/en/products/marin_power_strategy_1_opening_to_the_middlegame,//youtube.com/embed/VfWsQTcIiUQ,29.65,4,52,https://shop.chessbase.com/en/pics/bp_6691
Power-Strategie 1 - Aus der Eröffnung ins Mittelspiel,Mihail Marin,FritzTrainer,https://shop.chessbase.com/en/products/marin_power_strategie_1_eroeffnung_ins_mittelspiel,,29.65,,50,https://shop.chessbase.com/en/pics/bp_6690
First steps in pawn structures,Andrew Martin,FritzTrainer,https://shop.chessbase.com/en/products/martin_first_steps_in_pawn_structures,//youtube.com/embed/V8Md1lqjeZA,27.67,4,03,https://shop.chessbase.com/en/pics/bp_7740
Improve your Tactics,Tania Sachdev,FritzTrainer,https://shop.chessbase.com/en/products/sachdev_improve_your_tactics,//youtube.com/embed/UMWi5-Ekxb4,27.67,4,,https://shop.chessbase.com/en/pics/bp_7736
Mating Patterns,Maurice Ashley,FritzTrainer,https://shop.chessbase.com/en/products/ashley_mating_patterns,//youtube.com/embed/zA1Ho3H7M60,27.67,,04,https://shop.chessbase.com/en/pics/bp_7713
Magic of Chess Tactics 2,Dr. Karsten Müller,FritzTrainer,https://shop.chessbase.com/en/products/meyer_mueller_magic_of_chess_tactics_2,//youtube.com/embed/K-W67m8S86g,27.67,,,https://shop.chessbase.com/en/pics/bp_7719
The basics of winning chess 2.0,Andrew Martin,FritzTrainer,https://shop.chessbase.com/en/products/martin_the_basics_of_winning_chess_2,//youtube.com/embed/USYJQbDLt0Y,29.65,,06,https://shop.chessbase.com/en/pics/bp_7813
Most amazing moves,Simon Williams,FritzTrainer,https://shop.chessbase.com/en/products/williams_most_amazing_moves,//youtube.com/embed/hLlvMHwih7k,29.65,5,30,https://shop.chessbase.com/en/pics/bp_7775
First Steps in Positional Play,Andrew Martin,FritzTrainer,https://shop.chessbase.com/en/products/martin_first_steps_in_positional_play,,19.73,3,20,https://shop.chessbase.com/en/pics/bp_6169
What Grandmasters Don’t See Vol. 2: Discovered Attack,Maurice Ashley,FritzTrainer,https://shop.chessbase.com/en/products/what_grandmasters_dont_see_vol2,//youtube.com/embed/STDZmj5_heU,29.65,3,36,https://shop.chessbase.com/en/pics/bp_5963
Strategy University Vol. 4: The technique of realising the win,Adrian Mikhalchishin,FritzTrainer,https://shop.chessbase.com/en/products/mikhalchishin_strategy_university_vol4_the_technique_of_realising_the_win,//youtube.com/embed/pAkQNfnaOug,29.65,4,37,https://shop.chessbase.com/en/pics/bp_6126
What Grandmasters Don’t See Vol. 3: Summary and Test,Maurice Ashley,FritzTrainer,https://shop.chessbase.com/en/products/what_grandmasters_dont_see_vol3,//youtube.com/embed/lQxeLrmyYbM,29.65,3,45,https://shop.chessbase.com/en/pics/bp_6043
First Steps in Chess Technique,Andrew Martin,FritzTrainer,https://shop.chessbase.com/en/products/martin_first_steps_in_chess_technique,//youtube.com/embed/KIz3UaZBSQw,19.73,,35,https://shop.chessbase.com/en/pics/bp_6270
1000x Checkmate,Lubomir Ftacnik,FritzTrainer,https://shop.chessbase.com/en/products/ftacnik_1000x_checkmate,//youtube.com/embed/Fn7kObdh-6c,24.69,,60,https://shop.chessbase.com/en/pics/bp_6409
Castled long – attacking the king,Valeri Lilov,FritzTrainer,https://shop.chessbase.com/en/products/lilov_castled_long_attacking_the_king,//youtube.com/embed/nXvFbA8lp7s,27.67,4,,https://shop.chessbase.com/en/pics/bp_6640
First Steps in Chess Strategy,Andrew Martin,FritzTrainer,https://shop.chessbase.com/en/products/martin_first_steps_in_chess_strategy,//youtube.com/embed/IrPRS3LhoOc,27.67,,60,https://shop.chessbase.com/en/pics/bp_6428
Strategy University Vol. 5: Winning Methods of great Players,Adrian Mikhalchishin,FritzTrainer,https://shop.chessbase.com/en/products/mikhalchishin_strategy_university_5_winning_methods_of_great_players,//youtube.com/embed/m_r27aeuIB8,29.65,5,35,https://shop.chessbase.com/en/pics/bp_6408
And Action! - How to crown positional play by tactics,Alexei Shirov,FritzTrainer,https://shop.chessbase.com/en/products/shirov_and_action_how_to_crown_positional_play_by_tactics,//youtube.com/embed/oBEIDZOXVdc,29.65,4,52,https://shop.chessbase.com/en/pics/bp_6424
The true value of pieces,Dejan Bojkov,FritzTrainer,https://shop.chessbase.com/en/products/bojkov_the_true_value_of_pieces,//youtube.com/embed/ZsMGjzWOlt8,27.67,4,50,https://shop.chessbase.com/en/pics/bp_6619
Strategy University Vol.1: The Central Approach,Adrian Mikhalchishin,FritzTrainer,https://shop.chessbase.com/en/products/strategy_university1,//youtube.com/embed/4z2kxTaYwXA,29.65,,50,https://shop.chessbase.com/en/pics/bp_5869
Strategy University Vol 2: Prevention and Preparation in Chess,Adrian Mikhalchishin,FritzTrainer,https://shop.chessbase.com/en/products/strategy_university2,,29.65,,30,https://shop.chessbase.com/en/pics/bp_5877
Attacking a king which has castled short,Valeri Lilov,FritzTrainer,https://shop.chessbase.com/en/products/lilov_attacking_a_king_which_has_castled_short,//youtube.com/embed/J_Yoyf9m8O8,27.67,,59,https://shop.chessbase.com/en/pics/bp_6322
Tactics - from Basics to Brilliance Vol. 3,Valeri Lilov,FritzTrainer,https://shop.chessbase.com/en/products/lilov_tactics_from_basics_to_brilliance_vol3,//youtube.com/embed/64OdAfMaBb0,27.67,4,,https://shop.chessbase.com/en/pics/bp_6324
Strategy University Vol 3: Positional Pawn Sacrifice,Adrian Mikhalchishin,FritzTrainer,https://shop.chessbase.com/en/products/strategy_university_vol3,//www.youtube.com/embed/7pqWQj5zFuU,29.65,,15,https://shop.chessbase.com/en/pics/bp_5917
Power of Tactics - A World Champion's Guide for a Club Player,Rustam Kasimdzhanov,FritzTrainer,https://shop.chessbase.com/en/products/powerof_tactics,//youtube.com/embed/gd8KQ-pMcxU,32.63,4,20,https://shop.chessbase.com/en/pics/bp_5812
First Steps in Attack,Andrew Martin,FritzTrainer,https://shop.chessbase.com/en/products/martin_first_steps_in_attack,//youtube.com/embed/OJC9FDmMkD4,19.73,,60,https://shop.chessbase.com/en/pics/bp_5997
Know the Terrain Vol. 3: Central Majority,Sam Collins,FritzTrainer,https://shop.chessbase.com/en/products/collins_central_majority,//youtube.com/embed/BZrK_nKTzWM,27.67,4,39,https://shop.chessbase.com/en/pics/bp_6045
The Art of the Exchange Sacrifice,Ari Ziegler,FritzTrainer,https://shop.chessbase.com/en/products/ziegler_the_art_of_the_exchange_sacrifice,//youtube.com/embed/5AbgsSLKcIU,27.67,6,40,https://shop.chessbase.com/en/pics/bp_6095
First Steps in Defence,Andrew Martin,FritzTrainer,https://shop.chessbase.com/en/products/martin_first_steps_in_defence,//youtube.com/embed/xDAxehttUOc,19.73,3,16,https://shop.chessbase.com/en/pics/bp_6088
What Grandmasters Don’t See Vol. 1: Protected Squares,Maurice Ashley,FritzTrainer,https://shop.chessbase.com/en/products/what_grandmasters_dont_see_vol,//www.youtube.com/embed/Nvd21YO_hW4,29.65,4,18,https://shop.chessbase.com/en/pics/bp_5951
Attacking the King – for Experts,Rustam Kasimdzhanov,FritzTrainer,https://shop.chessbase.com/en/products/attacking_the_king-for_experts,,29.74,4,,https://shop.chessbase.com/en/pics/bp_4233
Tactics - from Basics to Brilliance Vol. 1,Valeri Lilov,FritzTrainer,https://shop.chessbase.com/en/products/lilov_tactics_vol1,//www.youtube.com/embed/3bvroFxdjxI,27.67,5,30,https://shop.chessbase.com/en/pics/bp_5921
Power of planning,Adrian Mikhalchishin,FritzTrainer,https://shop.chessbase.com/en/products/power_of_planning,,29.65,,19,https://shop.chessbase.com/en/pics/bp_4261
Power of Exchange,Adrian Mikhalchishin,FritzTrainer,https://shop.chessbase.com/en/products/power_of_exchange,,29.65,,,https://shop.chessbase.com/en/pics/bp_4277
Power Play 12 - The Hedgehog,Daniel King,FritzTrainer,https://shop.chessbase.com/en/products/power_play_12-the_hedgehog,,29.74,5,,https://shop.chessbase.com/en/pics/bp_5769
Winning Structures,Adrian Mikhalchishin,FritzTrainer,https://shop.chessbase.com/en/products/winning_structures,,29.65,,60,https://shop.chessbase.com/en/pics/bp_4285
Power Play 13 - The squeeze,Daniel King,FritzTrainer,https://shop.chessbase.com/en/products/power_play_13-the_squeeze,,29.74,5,,https://shop.chessbase.com/en/pics/bp_5772
The magic of chess tactics,Dr. Karsten Müller,FritzTrainer,https://shop.chessbase.com/en/products/magic_of_chess_tactics_engl,,29.65,3,30,https://shop.chessbase.com/en/pics/bp_4264
Tactics - from Basics to Brilliance Vol. 2,Valeri Lilov,FritzTrainer,https://shop.chessbase.com/en/products/lilov_tactics_from_basics_to_brilliance_vol2,//youtube.com/embed/d-9ME95nCAU,27.67,4,18,https://shop.chessbase.com/en/pics/bp_6092
Power Play 14 - Test Your Tactics,Daniel King,FritzTrainer,https://shop.chessbase.com/en/products/power_play_14_test_your_tactics,//youtube.com/embed/zoC3MjQjo6A,29.74,,,https://shop.chessbase.com/en/pics/bp_5775
Know the Terrain Vol. 1: The Carlsbad,Sam Collins,FritzTrainer,https://shop.chessbase.com/en/products/collins_the_carlsbad1,//youtube.com/embed/LGdDZrcWR8U,27.67,7,,https://shop.chessbase.com/en/pics/bp_5870
The secret Weapons of the champions,Adrian Mikhalchishin,FritzTrainer,https://shop.chessbase.com/en/products/the_secret_weapons_of_the_champions,,26.76,,,https://shop.chessbase.com/en/pics/bp_4145
Power Play 5 - Pawns,Daniel King,FritzTrainer,https://shop.chessbase.com/en/products/power_play5-pawns,,29.74,,,https://shop.chessbase.com/en/pics/bp_5798
Decision making in chess,Adrian Mikhalchishin,FritzTrainer,https://shop.chessbase.com/en/products/decision_making_in_chess,,26.76,,26,https://shop.chessbase.com/en/pics/bp_4154
"Power Play 6 - Pawns, Pieces & Plans",Daniel King,FritzTrainer,https://shop.chessbase.com/en/products/power_play6-pawns_pieces_plans,,29.74,5,,https://shop.chessbase.com/en/pics/bp_5799
Chess for scoundrels,Nigel Davies,FritzTrainer,https://shop.chessbase.com/en/products/chess_for_scoundrels,,26.76,,,https://shop.chessbase.com/en/pics/bp_4188
Power Play 7 - Improve your pieces,Daniel King,FritzTrainer,https://shop.chessbase.com/en/products/power_play7-improve_your_pieces,//youtube.com/embed/w_MRbejESdE,29.74,,,https://shop.chessbase.com/en/pics/bp_5800
Strategy – step by step,Rustam Kasimdzhanov,FritzTrainer,https://shop.chessbase.com/en/products/strategy-step_by_step,,29.74,,,https://shop.chessbase.com/en/pics/bp_4187
Power Play 8 - Knights and Bishops,Daniel King,FritzTrainer,https://shop.chessbase.com/en/products/power_play_8-knights_and_bishops,,29.74,,,https://shop.chessbase.com/en/pics/bp_5801
How to Beat Younger Players,Nigel Davies,FritzTrainer,https://shop.chessbase.com/en/products/how_to_beat_younger_players,,19.73,,60,https://shop.chessbase.com/en/pics/bp_4239
Power Play 9 - major pieces vs. minor pieces,Daniel King,FritzTrainer,https://shop.chessbase.com/en/products/power_play9-major_piecesvsminor_pieces,,29.70,,15,https://shop.chessbase.com/en/pics/bp_5802
Power Play 10 - Calculation,Daniel King,FritzTrainer,https://shop.chessbase.com/en/products/power_play10-calculation,,29.74,4,30,https://shop.chessbase.com/en/pics/bp_5803
Basic Positional Ideas,Jacob Aagaard,FritzTrainer,https://shop.chessbase.com/en/products/basic_positional_ideas,,29.74,,,https://shop.chessbase.com/en/pics/bp_4039
The basics of winning chess,Andrew Martin,FritzTrainer,https://shop.chessbase.com/en/products/the_basics_of_winning_chess,,24.78,,39,https://shop.chessbase.com/en/pics/bp_4056
Power Play 1 - Mating Patterns,Daniel King,FritzTrainer,https://shop.chessbase.com/en/products/power_play1_mating_patterns,,29.74,,,https://shop.chessbase.com/en/pics/bp_5794
Attacking Chess Volume 1,Jacob Aagaard,FritzTrainer,https://shop.chessbase.com/en/products/attacking_chess_volume_1,,24.78,,,https://shop.chessbase.com/en/pics/bp_4028
Attacking Chess Volume 2,Jacob Aagaard,FritzTrainer,https://shop.chessbase.com/en/products/attacking_chess_volume_2,,24.78,,,https://shop.chessbase.com/en/pics/bp_4029
Power Play 2 - Attacking the king,Daniel King,FritzTrainer,https://shop.chessbase.com/en/products/power_play2_attacking_the_king,,29.74,,,https://shop.chessbase.com/en/pics/bp_5795
Power Play 3 - Pawn storm,Daniel King,FritzTrainer,https://shop.chessbase.com/en/products/power_play3_pawn_storm,,29.74,,,https://shop.chessbase.com/en/pics/bp_5796
Power Play 4 - Start Right,Daniel King,FritzTrainer,https://shop.chessbase.com/en/products/power_play4_start_right,,29.74,,50,https://shop.chessbase.com/en/pics/bp_5797
Understanding Middlegame Strategies Vol.2 - Practical Play,Ivan Sokolov,FritzTrainer,https://shop.chessbase.com/en/products/sokolov_understanding_middlegame_strategies_vol_2,//youtube.com/embed/3XBQrZPpM1o,29.65,4,60,https://shop.chessbase.com/en/pics/bp_8493
Understanding Middlegame Strategies Vol.1 and 2,Ivan Sokolov,FritzTrainer,https://shop.chessbase.com/en/products/sokolov_understanding_middlegame_strategies_vol_1_and_vol_2,"//youtube.com/embed/IOxZRMjgH40,//youtube.com/embed/3XBQrZPpM1o",54.43,4,60,https://shop.chessbase.com/en/pics/bp_8513
Chess Endgames 10 - Rook and two minor pieces,Dr. Karsten Müller,FritzTrainer,https://shop.chessbase.com/en/products/mueller_chess_endgames_10_rook_and_two_minor_pieces,//youtube.com/embed/MfxXpseDUQk,29.74,,38,https://shop.chessbase.com/en/pics/bp_6190
Tactics Vol.5: Tactics in the endgame,Valeri Lilov,FritzTrainer,https://shop.chessbase.com/en/products/lilov_tactics_from_basics_to_brilliance_vol5,//youtube.com/embed/Gyie5s4AOlA,27.67,,23,https://shop.chessbase.com/en/pics/bp_6702
Chess Endgames 11 - Rook against Bishop,Dr. Karsten Müller,FritzTrainer,https://shop.chessbase.com/en/products/chess_endgames_11_rook_against_bishop,//youtube.com/embed/0lYvX2_TNbM,29.74,8,26,https://shop.chessbase.com/en/pics/bp_6411
First Steps in Endgames,Andrew Martin,FritzTrainer,https://shop.chessbase.com/en/products/martin_first_steps_in_endgames,//youtube.com/embed/jIkdKipwbV0,27.67,,12,https://shop.chessbase.com/en/pics/bp_6603
Chess Endgames 12 - Rook vs Knight,Dr. Karsten Müller,FritzTrainer,https://shop.chessbase.com/en/products/mueller_endgames_12_rook_vs_knight,//youtube.com/embed/8iPSMsYXo9g,29.65,5,38,https://shop.chessbase.com/en/pics/bp_6558
Chess Endgames 13 - Double rook endings,Dr. Karsten Müller,FritzTrainer,https://shop.chessbase.com/en/products/mueller_endgames_13_double_rook_endgames,//youtube.com/embed/z54Co86Qb_g,29.65,4,34,https://shop.chessbase.com/en/pics/bp_6577
Chess Endgames 14 - The golden guidelines of endgame play,Dr. Karsten Müller,FritzTrainer,https://shop.chessbase.com/en/products/mueller_endgames_14_the_golden_guidelines_of_endgame_play,//youtube.com/embed/uztCejcsz4A,29.65,7,27,https://shop.chessbase.com/en/pics/bp_6660
Chess Endgames 1 to 14,Dr. Karsten Müller,FritzTrainer,https://shop.chessbase.com/en/products/mueller_endgames_1_to_14,,296.49,,,https://shop.chessbase.com/en/pics/bp_6664
Endgames from Fischer to Carlsen,Dr. Karsten Müller,FritzTrainer,https://shop.chessbase.com/en/products/mueller_endgames_world_champions_fischer_carlsen,//youtube.com/embed/4ktLntsztew,29.65,,,https://shop.chessbase.com/en/pics/bp_8190
Endgames of the World Champions Vol. 2 - from Steinitz to Spassky,Dr. Karsten Müller,FritzTrainer,https://shop.chessbase.com/en/products/mueller_endgames_world_champions_vol_2_steinitz_spassky,//youtube.com/embed/qu2XJgHlkpQ,29.65,13,,https://shop.chessbase.com/en/pics/bp_8323
Magical Chess Endgames,Dr. Karsten Müller,FritzTrainer,https://shop.chessbase.com/en/products/mueller_meyer_magical_chess_endgames,//youtube.com/embed/8rZr496J26M,29.65,4,,https://shop.chessbase.com/en/pics/bp_8494
Magical Chess Endgames Vol. 1 & 2 + The magic of chess tactics,Dr. Karsten Müller,FritzTrainer,https://shop.chessbase.com/en/products/mueller_meyer_magical_chess_endgames_vol1_vol2_and_magical_chess_endgames,,79.23,4,30,https://shop.chessbase.com/Content/Layout2018/new_product_en.png
Chess Endgames 1 - Basic knowledge for beginners,Dr. Karsten Müller,FritzTrainer,https://shop.chessbase.com/en/products/chess_endgames_1_basic_knowledge_for_beginners,,29.74,,,https://shop.chessbase.com/en/pics/bp_5844
Chess Endgames 2 - Rook Endgames,Dr. Karsten Müller,FritzTrainer,https://shop.chessbase.com/en/products/chess_endgames_2_rook_endgames,,29.74,,,https://shop.chessbase.com/en/pics/bp_5843
Chess Endgames 3 - major piece endgames,Dr. Karsten Müller,FritzTrainer,https://shop.chessbase.com/en/products/chess_endgames_3_major_piece_endgames,,29.74,,,https://shop.chessbase.com/en/pics/bp_5842
Chess Endgames 4 - Strategical Endgames,Dr. Karsten Müller,FritzTrainer,https://shop.chessbase.com/en/products/chess_endgames_4_strategical_endgames,,29.74,,,https://shop.chessbase.com/en/pics/bp_5841
Endgames for experts,Rustam Kasimdzhanov,FritzTrainer,https://shop.chessbase.com/en/products/endgames_for_experts,,29.74,,,https://shop.chessbase.com/en/pics/bp_4191
Endgame Fireworks,Alexei Shirov,FritzTrainer,https://shop.chessbase.com/en/products/endgame_fireworks,,32.63,,,https://shop.chessbase.com/en/pics/bp_4222
Chess Endgames 5 - Endgame Principles Activity & Initiative,Dr. Karsten Müller,FritzTrainer,https://shop.chessbase.com/en/products/chess_endgames_5_endgame_principles_activity_initiative,,29.74,,18,https://shop.chessbase.com/en/pics/bp_5774
Power Play 15 - Practical Pawn Endgames,Daniel King,FritzTrainer,https://shop.chessbase.com/en/products/power_play15_practical_pawn_endgames,//youtube.com/embed/gZQgdcziYCg,29.65,,,https://shop.chessbase.com/en/pics/bp_5956
Chess Endgames 6 - Endgame Principles Domination & Prophylaxis,Dr. Karsten Müller,FritzTrainer,https://shop.chessbase.com/en/products/chess_endgames_6_endgame_principles_domination_prophylaxis,,29.74,,,https://shop.chessbase.com/en/pics/bp_5776
Chess Endgames 7 - Endgame Principles Weaknesses & Fortresses,Dr. Karsten Müller,FritzTrainer,https://shop.chessbase.com/en/products/chess_endgames_7_endgame_principles_weaknesses_fortresses,,29.74,,40,https://shop.chessbase.com/en/pics/bp_5840
Power Play 16 - Test Your Rook Endgames,Daniel King,FritzTrainer,https://shop.chessbase.com/en/products/power_play16_rook_endgames,//youtube.com/embed/z4B43ejp9qQ,29.65,,,https://shop.chessbase.com/en/pics/bp_6048
Chess Endgames 8 - Practical Rook Endgames,Dr. Karsten Müller,FritzTrainer,https://shop.chessbase.com/en/products/chess_endgames_8_practical_rook_endings,//youtube.com/embed/MRCVLUPc7G4,29.74,,,https://shop.chessbase.com/en/pics/bp_6036
Chess Endgames 9 - Rook and Minor Piece,Dr. Karsten Müller,FritzTrainer,https://shop.chessbase.com/en/products/mueller_chess_endgames_9_rook_and_minor_piece,//youtube.com/embed/yIwhnFqJbI0,29.74,,38,https://shop.chessbase.com/en/pics/bp_6122
Sicilian Najdorf 6.Bg5,Alexei Shirov,FritzTrainer,https://shop.chessbase.com/en/products/sicilian_najdorf_6bg5,,32.63,,,https://shop.chessbase.com/en/pics/bp_5742
The Botvinnik and Moscow variation,Loek van Wely,FritzTrainer,https://shop.chessbase.com/en/products/the_botvinnik_and_moscow_variation,,29.74,,30,https://shop.chessbase.com/en/pics/bp_4120
My best games in the Petroff Defence,Alexei Shirov,FritzTrainer,https://shop.chessbase.com/en/products/my_best_games_in_the_petroff_defence,,29.74,,,https://shop.chessbase.com/en/pics/bp_4123
The Pirc Defence,Nigel Davies,FritzTrainer,https://shop.chessbase.com/en/products/the_pirc_defence,,29.74,7,,https://shop.chessbase.com/en/pics/bp_4141
The ABC of the Czech Benoni,Andrew Martin,FritzTrainer,https://shop.chessbase.com/en/products/the_abc_of_the_czech_benoni,,26.76,,60,https://shop.chessbase.com/en/pics/bp_4137
My best games in the Najdorf,Alexei Shirov,FritzTrainer,https://shop.chessbase.com/en/products/my_best_games_in_the_najdorf,,29.74,,,https://shop.chessbase.com/en/pics/bp_4098
My best games in the King’s Indian,Alexei Shirov,FritzTrainer,https://shop.chessbase.com/en/products/my_best_games_in_the_kings_indian,,32.63,,,https://shop.chessbase.com/en/pics/bp_4128
My best games in the Nimzo-Indian,Alexei Shirov,FritzTrainer,https://shop.chessbase.com/en/products/my_best_games_in_the_nimzo-indian,,32.63,,,https://shop.chessbase.com/en/pics/bp_4129
The Maroczy System,Sergei Tiviakov,FritzTrainer,https://shop.chessbase.com/en/products/the_maroczy_system,,26.76,,15,https://shop.chessbase.com/en/pics/bp_4152
1...e6: A Solid Repertoire against 1.d4 and 1.e4,Nigel Davies,FritzTrainer,https://shop.chessbase.com/en/products/1e6_a_solid_repertoire_against_1d4_and_1e4,,27.27,5,,https://shop.chessbase.com/en/pics/bp_4276
1...d6 Universal,Nigel Davies,FritzTrainer,https://shop.chessbase.com/en/products/1d6_universal,,26.76,5,,https://shop.chessbase.com/en/pics/bp_4157
The Accelerated Dragon,Nigel Davies,FritzTrainer,https://shop.chessbase.com/en/products/the_accelerated_dragon,,26.76,,,https://shop.chessbase.com/en/pics/bp_4158
The French Defence,Ari Ziegler,FritzTrainer,https://shop.chessbase.com/en/products/the_french_defence,,26.76,,,https://shop.chessbase.com/en/pics/bp_4112
My best games in the Sicilian,Alexei Shirov,FritzTrainer,https://shop.chessbase.com/en/products/my_best_games_in_the_sicilian,,29.74,,50,https://shop.chessbase.com/en/pics/bp_4097
My best games in the Spanish Vol. 1,Alexei Shirov,FritzTrainer,https://shop.chessbase.com/en/products/my_best_games_the_spanish,,29.74,,,https://shop.chessbase.com/en/pics/bp_4099
Sicilian Defense with 2.c3 - Alapin Variation,Sergei Tiviakov,FritzTrainer,https://shop.chessbase.com/en/products/sicilian_defense_with_2c3-alapin_variation,,26.76,4,,https://shop.chessbase.com/en/pics/bp_4163
The English Opening,Nigel Davies,FritzTrainer,https://shop.chessbase.com/en/products/the_english_opening,,29.74,8,,https://shop.chessbase.com/en/pics/bp_4217
Beating the French Vol.1,Rustam Kasimdzhanov,FritzTrainer,https://shop.chessbase.com/en/products/beating_the_french_vol_1,,26.76,,,https://shop.chessbase.com/en/pics/bp_4164
Beating the French Vol.2,Rustam Kasimdzhanov,FritzTrainer,https://shop.chessbase.com/en/products/beating_the_french_vol_2,,26.76,,17,https://shop.chessbase.com/en/pics/bp_4165
Beating the French Vol.3,Rustam Kasimdzhanov,FritzTrainer,https://shop.chessbase.com/en/products/beating_the_french_vol_3,,26.76,,,https://shop.chessbase.com/en/pics/bp_4166
My best games with black,Alexei Shirov,FritzTrainer,https://shop.chessbase.com/en/products/my_best_games_with_black,,32.63,,,https://shop.chessbase.com/en/pics/bp_4189
The Tarrasch Defence,Nigel Davies,FritzTrainer,https://shop.chessbase.com/en/products/the_tarrasch_defence,,26.76,3,50,https://shop.chessbase.com/en/pics/bp_4215
The ABC of Evans Gambit,Andrew Martin,FritzTrainer,https://shop.chessbase.com/en/products/the_abc_of_evans_gambit,,26.76,4,30,https://shop.chessbase.com/en/pics/bp_4214
Anti-Moscow Gambit for Experts,Rustam Kasimdzhanov,FritzTrainer,https://shop.chessbase.com/en/products/anti-moscow_gambit_for_experts,,29.74,,,https://shop.chessbase.com/en/pics/bp_4182
My best games in the Spanish Vol. 3,Alexei Shirov,FritzTrainer,https://shop.chessbase.com/en/products/my_best_games_in_the_spanish_vol_3,,32.71,,,https://shop.chessbase.com/en/pics/bp_4210
The Scotch Game,Nigel Davies,FritzTrainer,https://shop.chessbase.com/en/products/the_scotch_game,,26.76,5,,https://shop.chessbase.com/en/pics/bp_4232
How to play the Queen's Gambit,Garry Kasparov,FritzTrainer,https://shop.chessbase.com/en/products/how_to_play_the_queens_gambit,//youtube.com/embed/oCC5ZyzsA3c,29.74,,28,https://shop.chessbase.com/en/pics/bp_4045
How to play the Najdorf Vol. 1,Garry Kasparov,FritzTrainer,https://shop.chessbase.com/en/products/how_to_play_the_najdorf_vol_1,//youtube.com/embed/rNTI4pO7Ib0,29.74,,,https://shop.chessbase.com/en/pics/bp_4065
1. e4 for the creative attacker,Nigel Davies,FritzTrainer,https://shop.chessbase.com/en/products/e4_for_the_creative,,26.76,4,,https://shop.chessbase.com/en/pics/bp_4169
Queen’s Pawn Openings,Andrew Martin,FritzTrainer,https://shop.chessbase.com/en/products/queens_pawn_openings,,26.76,,60,https://shop.chessbase.com/en/pics/bp_4153
A World champion’s guide to the Petroff,Rustam Kasimdzhanov,FritzTrainer,https://shop.chessbase.com/en/products/a_world_champions_guide_to_the_petroff,,29.74,,20,https://shop.chessbase.com/en/pics/bp_4132
My best games in the Spanish Vol. 2,Alexei Shirov,FritzTrainer,https://shop.chessbase.com/en/products/my_best_games_in_the_spanish_vol_2,,29.74,,,https://shop.chessbase.com/en/pics/bp_4167
My best games in the Grünfeld,Alexei Shirov,FritzTrainer,https://shop.chessbase.com/en/products/my_best_games_in_the_gruenfeld,,29.74,,,https://shop.chessbase.com/en/pics/bp_4168
King’s Indian Attack,Nigel Davies,FritzTrainer,https://shop.chessbase.com/en/products/kings_indian_attack,,26.76,,,https://shop.chessbase.com/en/pics/bp_4175
London System,Nigel Davies,FritzTrainer,https://shop.chessbase.com/en/products/london_system,,26.76,,,https://shop.chessbase.com/en/pics/bp_4192
The Colle System,Nigel Davies,FritzTrainer,https://shop.chessbase.com/en/products/the_colle_system,//youtube.com/embed/s-pu0f9WwGA,26.76,,,https://shop.chessbase.com/en/pics/bp_4194
My best games in the Sveshnikov,Alexei Shirov,FritzTrainer,https://shop.chessbase.com/en/products/my_best_games_in_the_sveshnikov,,29.74,4,,https://shop.chessbase.com/en/pics/bp_4172
Torre Attack,Nigel Davies,FritzTrainer,https://shop.chessbase.com/en/products/torre_attack,,26.76,,,https://shop.chessbase.com/en/pics/bp_4197
The ABC of the Modern Benoni,Andrew Martin,FritzTrainer,https://shop.chessbase.com/en/products/the_abc_of_the_modern_benoni,,26.76,,60,https://shop.chessbase.com/en/pics/bp_4193
The Nimzoindian Defence - The easy way,Jacob Aagaard,FritzTrainer,https://shop.chessbase.com/en/products/the_nimzoindian_defence-the_easy_way,,24.78,,4,https://shop.chessbase.com/en/pics/bp_4048
The ABC of the Caro-Kann,Andrew Martin,FritzTrainer,https://shop.chessbase.com/en/products/the_abc_of_the_caro_kann,,26.76,,13,https://shop.chessbase.com/en/pics/bp_4111
Queen‘s Indian Defence - The easy way,Jacob Aagaard,FritzTrainer,https://shop.chessbase.com/en/products/queenss_indian_defence-the_easy_way,,,,49,https://shop.chessbase.com/en/pics/bp_4108
The Sveshnikov Variation of the Sicilian,Loek van Wely,FritzTrainer,https://shop.chessbase.com/en/products/the_sveshnikov_variation_of_the_sicilian,,29.74,,43,https://shop.chessbase.com/en/pics/bp_4119
The Exciting Budapest Gambit,Simon Williams,FritzTrainer,https://shop.chessbase.com/en/products/williams_the_budapest_gambit,//youtube.com/embed/3c4vnpCvESg,29.65,6,16,https://shop.chessbase.com/en/pics/bp_8483
The English Opening - Tactic and Strategy Toolbox,Mihail Marin,FritzTrainer,https://shop.chessbase.com/en/products/marin_english_tactic_strategy_toolbox,//youtube.com/embed/aoTFxki-yms,29.65,5,30,https://shop.chessbase.com/en/pics/bp_8517
"Winning with the King's Indian Attack, King's Indian: A modern approach + Kings Indian Powerbook & Powerbase",Victor Bologan,FritzTrainer,https://shop.chessbase.com/en/products/bologan_the_kings_indian_bundle,//youtube.com/embed/8PK1we83Ehk,69.31,7,27,https://shop.chessbase.com/en/pics/bp_8503
"Marin's English Love -Vol. 1, Vol2 and Tactic and Strategy Toolbox",Mihail Marin,FritzTrainer,https://shop.chessbase.com/en/products/marin_english_vol1_vol2_strategy_toolbox,//youtube.com/embed/oq5CyU0pQ0w,79.23,5,13,https://shop.chessbase.com/Content/Layout2018/new_product_en.png
Navigating the Ruy Lopez Vol.1,Fabiano Caruana,FritzTrainer,https://shop.chessbase.com/en/products/fabiano_caruana_navigating_the_ruy_lopez_vol1,//youtube.com/embed/Y_EnobzrRqI,29.65,5,,https://shop.chessbase.com/en/pics/bp_8396
Navigating the Ruy Lopez Vol.2,Fabiano Caruana,FritzTrainer,https://shop.chessbase.com/en/products/fabiano_caruana_navigating_the_ruy_lopez_vol2,//youtube.com/embed/Y_EnobzrRqI,29.65,5,52,https://shop.chessbase.com/en/pics/bp_8397
Navigating the Ruy Lopez Vol.3,Fabiano Caruana,FritzTrainer,https://shop.chessbase.com/en/products/fabiano_caruana_navigating_the_ruy_lopez_vol3,//youtube.com/embed/Y_EnobzrRqI,29.65,5,26,https://shop.chessbase.com/en/pics/bp_8398
Navigating the Ruy Lopez Vol.1-3,Fabiano Caruana,FritzTrainer,https://shop.chessbase.com/en/products/fabiano_caruana_navigating_the_ruy_lopez_vol1-3,//youtube.com/embed/Y_EnobzrRqI,79.23,16,20,https://shop.chessbase.com/en/pics/bp_8399
How to play the Najdorf Vol. 2,Garry Kasparov,FritzTrainer,https://shop.chessbase.com/en/products/how_to_play_the_najdorf_vol_2,,29.74,,,https://shop.chessbase.com/en/pics/bp_4091
The ABC of the Ruy Lopez – 2nd Edition,Andrew Martin,FritzTrainer,https://shop.chessbase.com/en/products/the_abc_of_the_ruy_lopez-2nd_edition,,27.27,,32,https://shop.chessbase.com/en/pics/bp_4245
Arkhangelsk,Adrian Mikhalchishin,FritzTrainer,https://shop.chessbase.com/en/products/arkhangelsk,,29.65,,,https://shop.chessbase.com/en/pics/bp_4265
Black Repertoire against 1.e4 Vol. 1 and 2: Marshall Attack and Open Games,Jan Gustafsson,FritzTrainer,https://shop.chessbase.com/en/products/gustafsson_package_vol1and2,,59.40,,45,https://shop.chessbase.com/en/pics/bp_5859
"Enter 1.f4, Bird's Opening!",Andrew Martin,FritzTrainer,https://shop.chessbase.com/en/products/enter1f4_birds_opening,//youtube.com/embed/hhO1Ni_a9Rk,27.67,3,60,https://shop.chessbase.com/en/pics/bp_5813
Tricks & Traps Vol. 3 - In the Flank Openings,Nigel Davies,FritzTrainer,https://shop.chessbase.com/en/products/davies_tricksand_traps_vol3,//youtube.com/embed/f9-6dwhRIts,29.65,,,https://shop.chessbase.com/en/pics/bp_6038
First Steps in Opening Play,Andrew Martin,FritzTrainer,https://shop.chessbase.com/en/products/martin_first_steps_in_opening_play,//youtube.com/embed/lFPBw5C_cIk,19.73,3,60,https://shop.chessbase.com/en/pics/bp_6162
Beating the Berlin Defence,Alexei Shirov,FritzTrainer,https://shop.chessbase.com/en/products/shirov_beating_the_berlin_defence,//youtube.com/embed/6fa-VLbFcz4,29.65,3,49,https://shop.chessbase.com/en/pics/bp_6222
Know the Terrain Vol. 4: The advance French structure,Sam Collins,FritzTrainer,https://shop.chessbase.com/en/products/collins_know_the_terrain_vol_4_french_advance_structure,//youtube.com/embed/Xe1Zm0lwIqo,27.67,,36,https://shop.chessbase.com/en/pics/bp_6555
Attacking with the Benko Gambit,Alejandro Ramirez,FritzTrainer,https://shop.chessbase.com/en/products/ramirez_attacking_with_the_benko_gambit,//youtube.com/embed/FOz6W37ot98,27.67,3,44,https://shop.chessbase.com/en/pics/bp_6516
Know the Terrain Vol. 5: The Philidor Structure,Sam Collins,FritzTrainer,https://shop.chessbase.com/en/products/collins_know_the_terrain_vol_5_philidor_structure,//youtube.com/embed/1FoQ81izJIU,27.67,,31,https://shop.chessbase.com/en/pics/bp_6563
The Chebanenko - still improved,Victor Bologan,FritzTrainer,https://shop.chessbase.com/en/products/bologan_the_chebanenco_still_improved,,29.65,4,40,https://shop.chessbase.com/en/pics/bp_6374
The English Hedgehog Defence,Lubomir Ftacnik,FritzTrainer,https://shop.chessbase.com/en/products/ftacnik_the_english_hedgehog,//youtube.com/embed/Jmt3n8aSj5w,27.67,3,50,https://shop.chessbase.com/en/pics/bp_6594
Power Play 19: Attack with 1.e4 - Part 2,Daniel King,FritzTrainer,https://shop.chessbase.com/en/products/king_powerplay19_attack_with_e4_vol_2,//youtube.com/embed/7GnO_Qrtxts,29.65,5,24,https://shop.chessbase.com/en/pics/bp_6574
Meet the Nimzo-Indian with 4.Qc2,Rustam Kasimdzhanov,FritzTrainer,https://shop.chessbase.com/en/products/kasimdzhanov_meet_the_nimzo-indian_with_4qc2,//youtube.com/embed/7xCZxIxXWzo,29.65,3,28,https://shop.chessbase.com/en/pics/bp_6405
The French Defence. 3.Nd2: a complete repertoire for White,Sergei Tiviakov,FritzTrainer,https://shop.chessbase.com/en/products/tiviakov_french_with_nd2,//youtube.com/embed/-kay3j6P-Mc,27.67,5,,https://shop.chessbase.com/en/pics/bp_6606
Never too late for the Nimzo-Indian + Nimzo Powerbook 2018,Victor Bologan,FritzTrainer,https://shop.chessbase.com/en/products/never_too_late_for_nimzo_and_nimzo_powerbook_2018,//youtube.com/embed/aDmFKs3loas,34.61,4,14,https://shop.chessbase.com/en/pics/bp_8210
The ABC of the Bogo Indian,Andrew Martin,FritzTrainer,https://shop.chessbase.com/en/products/martin_the_abc_of_bogo_indian,//youtube.com/embed/ctFvLCuz4ag,27.67,,40,https://shop.chessbase.com/en/pics/bp_6583
The Giuoco Piano,Lorin D'Costa,FritzTrainer,https://shop.chessbase.com/en/products/dcosta_murphy_the_giuoco_piano,//youtube.com/embed/0DL4kfcbtPU,27.67,5,42,https://shop.chessbase.com/en/pics/bp_6610
Attacking with the Italian Game and the Ruy Lopez,Sergei Tiviakov,FritzTrainer,https://shop.chessbase.com/en/products/tiviakov_attacking_with_italian_and_ruy_lopez,//youtube.com/embed/lvzYtnqcsas,27.67,,,https://shop.chessbase.com/en/pics/bp_6611
1.e4 e5 - An active Repertoire for Black,Adrian Mikhalchishin,FritzTrainer,https://shop.chessbase.com/en/products/mikhalchishin_1e4_e5_an_active_repertoire_for_black,//youtube.com/embed/IgbsW5YR54E,29.65,,48,https://shop.chessbase.com/en/pics/bp_6320
"Play it safe, play the Petroff",Leonid Kritz,FritzTrainer,https://shop.chessbase.com/en/products/kritz_play_it_safe_play_the_petroff,//youtube.com/embed/ynBvwdhSABM,29.65,4,37,https://shop.chessbase.com/en/pics/bp_6367
First Steps in Gambits and Sacrifices,Andrew Martin,FritzTrainer,https://shop.chessbase.com/en/products/martin_first_steps_in_gambits_and_sacrifices,//youtube.com/embed/ImuZeOJrz6E,27.67,3,21,https://shop.chessbase.com/en/pics/bp_6426
Winning with the Ruy Lopez Vol. 1: Berlin Wall and others,Victor Bologan,FritzTrainer,https://shop.chessbase.com/en/products/bologan_winning_with_the_ruy_lopez_vol_1,//youtube.com/embed/hbjGxJGyFB8,29.65,4,42,https://shop.chessbase.com/en/pics/bp_6264
"Winning with the Ruy Lopez Vol. 2: Steinitz, Anti-Marshall, Open & Co.",Victor Bologan,FritzTrainer,https://shop.chessbase.com/en/products/bologan_winning_with_the_ruy_lopez_vol_2,//youtube.com/embed/TBU2q7jVyzU,29.65,5,20,https://shop.chessbase.com/en/pics/bp_6266
Attacking with the Pirc,Dejan Bojkov,FritzTrainer,https://shop.chessbase.com/en/products/bojkov_attacking_with_the_pirc,//youtube.com/embed/H1Wqz_jnXZw,27.67,4,29,https://shop.chessbase.com/en/pics/bp_6522
Winning with the Ruy Lopez Vol. 3: Main Variations,Victor Bologan,FritzTrainer,https://shop.chessbase.com/en/products/bologan_winning_with_the_ruy_lopez_vol_3,//youtube.com/embed/PNaZqNpWlqs,29.65,5,,https://shop.chessbase.com/en/pics/bp_6275
The English Defence,Dejan Bojkov,FritzTrainer,https://shop.chessbase.com/en/products/bojkov_the_english_defence,//youtube.com/embed/sv168vdJ948,27.67,5,9,https://shop.chessbase.com/en/pics/bp_6529
Power Play 18: The Sicilian Najdorf – a repertoire for Black,Daniel King,FritzTrainer,https://shop.chessbase.com/en/products/king_power_play_18_the_sicilian_najdorf,//youtube.com/embed/Yhgw6IGJoqM,29.65,,,https://shop.chessbase.com/en/pics/bp_6519
Never too late for the Nimzo-Indian,Victor Bologan,FritzTrainer,https://shop.chessbase.com/en/products/bologan_never_too_late_for_the_nimzo_indian,//youtube.com/embed/aDmFKs3loas,29.65,4,14,https://shop.chessbase.com/en/pics/bp_6328
English 1.c4 c5 for Black,Victor Bologan,FritzTrainer,https://shop.chessbase.com/en/products/bologan_english_1c4_c5_for_black,//youtube.com/embed/H9yh9ya-wMI,29.65,3,41,https://shop.chessbase.com/en/pics/bp_6365
The Catalan: A complete repertoire for White!,Victor Bologan,FritzTrainer,https://shop.chessbase.com/en/products/bologan_catalan,//youtube.com/embed/ITF6FJdSPSw,29.65,5,29,https://shop.chessbase.com/en/pics/bp_5957
1.Nf3 - a variable Repertoire for White,Lubomir Ftacnik,FritzTrainer,https://shop.chessbase.com/en/products/ftacnik_1_nf3_a_variable_repertoire_for_white,//youtube.com/embed/BcxiJE6bfTE,27.67,4,33,https://shop.chessbase.com/en/pics/bp_6226
Secret weapon four knights game,Valeri Lilov,FritzTrainer,https://shop.chessbase.com/en/products/lilov_secret_weapon_4_knights_game,//youtube.com/embed/6V0laSLazO8,27.67,4,14,https://shop.chessbase.com/en/pics/bp_6556
Beating the Sicilian: Grandmaster Bologan's Repertoire Vol.1,Victor Bologan,FritzTrainer,https://shop.chessbase.com/en/products/bologan_sicilian,//youtube.com/embed/6GLf3L8v-yE,29.65,6,60,https://shop.chessbase.com/en/pics/bp_5998
Beating the Sicilian: Grandmaster Bologan's Repertoire Vol.2,Victor Bologan,FritzTrainer,https://shop.chessbase.com/en/products/bologan_sicilian2,//youtube.com/embed/BVyapie6Qo4,29.65,5,40,https://shop.chessbase.com/en/pics/bp_6032
The ABC of the Classical Dutch,Andrew Martin,FritzTrainer,https://shop.chessbase.com/en/products/martin_the_classical_dutch,//youtube.com/embed/18nRfHQi5PU,27.67,3,45,https://shop.chessbase.com/en/pics/bp_6228
Tactics - from Basics to Brilliance Vol. 4,Valeri Lilov,FritzTrainer,https://shop.chessbase.com/en/products/lilov_tactics_from_basics_to_brilliance_vol4,//youtube.com/embed/Tw01bsNtqIE,27.67,4,12,https://shop.chessbase.com/en/pics/bp_6585
Beating the Sicilian: Grandmaster Bologan's Repertoire Vol.3,Victor Bologan,FritzTrainer,https://shop.chessbase.com/en/products/bologan_sicilian3,//youtube.com/embed/pdS5JIonObo,29.65,5,,https://shop.chessbase.com/en/pics/bp_6041
Power Play 17 - Attack with 1.e4,Daniel King,FritzTrainer,https://shop.chessbase.com/en/products/king_power_play_17_attack_with_1e4,//youtube.com/embed/kWfGE0UIqJU,29.74,,,https://shop.chessbase.com/en/pics/bp_6272
The Queen’s Gambit Accepted: A Repertoire for Black,Sam Collins,FritzTrainer,https://shop.chessbase.com/en/products/collins_the_queens_gambit_accepted,//youtube.com/embed/ygCmq0WveYo,27.67,3,30,https://shop.chessbase.com/en/pics/bp_6303
Learn from the Open Games,Sam Collins,FritzTrainer,https://shop.chessbase.com/en/products/collins_learn_from_the_open_games,//youtube.com/embed/GxW7JeIezuw,27.67,4,,https://shop.chessbase.com/en/pics/bp_6305
The Vienna with 3.f4,Nigel Davies,FritzTrainer,https://shop.chessbase.com/en/products/davies_vienna,//youtube.com/embed/iwme2EmQPrc,27.67,,,https://shop.chessbase.com/en/pics/bp_6039
Fit for the French + French Defence Powerbook 2018,Victor Bologan,FritzTrainer,https://shop.chessbase.com/en/products/fit_for_the_french_and_french_powerbook_2018,//youtube.com/embed/RJaK2DEhF74	,34.61,,20,https://shop.chessbase.com/en/pics/bp_8176
A World Champion's Guide to the King's Indian (2nd Edition),Rustam Kasimdzhanov,FritzTrainer,https://shop.chessbase.com/en/products/a_world_champions_guide_to_the_kings_indian_2nd_edition,"//youtube.com/embed/aQQnlKUD8H8,//youtube.com/embed/i8YZS_Pgy2E",32.63,7,,https://shop.chessbase.com/en/pics/bp_5827
Know the Terrain Vol. 2: The Capablanca Structure,Sam Collins,FritzTrainer,https://shop.chessbase.com/en/products/collins_capablanca_e,//www.youtube.com/embed/LLC1QJBPQf0,27.67,4,30,https://shop.chessbase.com/en/pics/bp_6007
Scandinavian with 3…Qd6,Sergei Tiviakov,FritzTrainer,https://shop.chessbase.com/en/products/tiviakov_scandinavian_with_3_qd6,//youtube.com/embed/6XY5BTbdlaE,29.65,,16,https://shop.chessbase.com/en/pics/bp_6128
No fear of 1.d4! Vol. 1 - Catalan and Queen's Indian,Sergei Tiviakov,FritzTrainer,https://shop.chessbase.com/en/products/tiviakov_no_fear_of_1d4_vol1,//youtube.com/embed/TNr_vIF0b_I,29.65,,43,https://shop.chessbase.com/en/pics/bp_6160
No fear of 1.d4! Vol. 2 - Nimzo-Indian,Sergei Tiviakov,FritzTrainer,https://shop.chessbase.com/en/products/tiviakov_no_fear_of_1d4_vol_2,//youtube.com/embed/gK2FnwaQWSI,29.65,,36,https://shop.chessbase.com/en/pics/bp_6182
Modern Benoni for Advanced Players,Ari Ziegler,FritzTrainer,https://shop.chessbase.com/en/products/ziegler_modern_benoni_for_advanced_players,//youtube.com/embed/I_nju10P4Kg,27.67,4,57,https://shop.chessbase.com/en/pics/bp_6184
Try the Sicilian Kalashnikov!,Dejan Bojkov,FritzTrainer,https://shop.chessbase.com/en/products/bojkov_sicilian_kalashnikov,//youtube.com/embed/oFN4zAN2QFE,29.65,6,,https://shop.chessbase.com/en/pics/bp_6191
Flank Attacks,Valeri Lilov,FritzTrainer,https://shop.chessbase.com/en/products/lilov_flank_attacks,//youtube.com/embed/gzaGR_Ia2Fs,27.67,4,,https://shop.chessbase.com/en/pics/bp_6520
The Nimzowitsch-Larsen Attack,Nigel Davies,FritzTrainer,https://shop.chessbase.com/en/products/davies_the_nimzowitsch_larsen_attack,//youtube.com/embed/S3fo27qN0r8,27.67,4,40,https://shop.chessbase.com/en/pics/bp_6215
The ABC of the Benko Gambit 2nd Edition,Andrew Martin,FritzTrainer,https://shop.chessbase.com/en/products/the_benko_gambit_2nd_edition,//youtube.com/embed/CCEmv0PGTJ4,29.65,6,60,https://shop.chessbase.com/en/pics/bp_5838
The Fighting Philidor,Victor Bologan,FritzTrainer,https://shop.chessbase.com/en/products/the_fighting_philidor,,27.27,5,,https://shop.chessbase.com/en/pics/bp_5750
The Sicilian Rossolimo for White,Victor Bologan,FritzTrainer,https://shop.chessbase.com/en/products/the_sicilian_rossolimo_for_white,,27.27,5,,https://shop.chessbase.com/en/pics/bp_5751
A modern way to play the King's Indian,Dejan Bojkov,FritzTrainer,https://shop.chessbase.com/en/products/bojkov_modern_way_to_play_the_kings_indian,//www.youtube.com/embed/jDtAZPfMXbs,29.65,5,,https://shop.chessbase.com/en/pics/bp_5918
The ABC of the Modern Slav 2nd Edition,Andrew Martin,FritzTrainer,https://shop.chessbase.com/en/products/martin_modern_slav2nd,//youtube.com/embed/fsVXii1payY,29.65,5,60,https://shop.chessbase.com/en/pics/bp_5865
Open Ruy Lopez,Andrew Martin,FritzTrainer,https://shop.chessbase.com/en/products/open_ruy_lopez,//www.youtube.com/embed/QWEcjsnw6MQ,29.65,,40,https://shop.chessbase.com/en/pics/bp_5886
The Queen's Gambit Declined,Andrew Martin,FritzTrainer,https://shop.chessbase.com/en/products/queens_gambit_declined,//www.youtube.com/embed/krmoM2mzZ5g,29.65,4,23,https://shop.chessbase.com/en/pics/bp_5919
Opening Repertoire for the Positional Player,Valeri Lilov,FritzTrainer,https://shop.chessbase.com/en/products/lilov_opening_repertoire_for_the_positional_player,//youtube.com/embed/mwoEncxCbv0,27.67,,00,https://shop.chessbase.com/en/pics/bp_6316
The Queen's Gambit Declined + Queen's Gambit Declined Powerbook 2018,Andrew Martin,FritzTrainer,https://shop.chessbase.com/en/products/queens_gambit_declined_and_queens_gambit_declined_powerbook_2018,//www.youtube.com/embed/krmoM2mzZ5g,34.61,4,23,https://shop.chessbase.com/en/pics/bp_8212
The ABC of Alekhine - 2nd Edition,Andrew Martin,FritzTrainer,https://shop.chessbase.com/en/products/alekhine_abc2nd_edition,//youtube.com/embed/rmbhTbEDMTk,27.67,,30,https://shop.chessbase.com/en/pics/bp_5969
Fit for the French,Victor Bologan,FritzTrainer,https://shop.chessbase.com/en/products/fit_for_the_french,,29.65,,20,https://shop.chessbase.com/en/pics/bp_5785
Spanish Exchange Variation,Andrew Martin,FritzTrainer,https://shop.chessbase.com/en/products/spanish_exchange_variation,,27.27,4,60,https://shop.chessbase.com/en/pics/bp_5740
Tricks & Traps Vol. 1 - 1.e4 Openings,Nigel Davies,FritzTrainer,https://shop.chessbase.com/en/products/tricks_n_traps_vol_1-1e4_openings,//youtube.com/embed/-MwrhOHHFuA,29.65,,49,https://shop.chessbase.com/en/pics/bp_5768
The Slav and Semi-Slav revisited,Alexei Shirov,FritzTrainer,https://shop.chessbase.com/en/products/the_slav_and_semi-slav_revisited,,32.63,8,,https://shop.chessbase.com/en/pics/bp_5748
Bamboozle your opponents with 1.g3,Nigel Davies,FritzTrainer,https://shop.chessbase.com/en/products/bamboozle_your_opponents_with1g3,,29.65,,,https://shop.chessbase.com/en/pics/bp_5784
The Advance Caro–Kann 2nd edition,Alexei Shirov,FritzTrainer,https://shop.chessbase.com/en/products/the_advance_caro-kann_2nd_edition,//youtube.com/embed/HzDTjTs3u9s,32.63,,,https://shop.chessbase.com/en/pics/bp_5758
Guide to the Tkachiev Ruy Lopez,Alexei Shirov,FritzTrainer,https://shop.chessbase.com/en/products/guide_to_the_tkachiev_ruy_lopez,//youtube.com/embed/VLywlu2IoDs,32.63,6,,https://shop.chessbase.com/en/pics/bp_5759
Tricks & Traps Vol. 2 - 1.d4 Openings,Nigel Davies,FritzTrainer,https://shop.chessbase.com/en/products/tricks_n_traps_vol_2-1d4_openings,,29.65,,,https://shop.chessbase.com/en/pics/bp_5826
Attack with the Modern Italian,Nigel Davies,FritzTrainer,https://shop.chessbase.com/en/products/attack_with_the_modern_italian,,29.65,,,https://shop.chessbase.com/en/pics/bp_5828
Gambit Opening Repertoire,Valeri Lilov,FritzTrainer,https://shop.chessbase.com/en/products/lilov_gambit_opening_repertoire,//youtube.com/embed/vVs1mJ9StnU,27.67,4,,https://shop.chessbase.com/en/pics/bp_6164
The Dutch Stonewall,Valeri Lilov,FritzTrainer,https://shop.chessbase.com/en/products/lilov_the_dutch_stonewall,//youtube.com/embed/p8_eLNOoeS8,27.67,4,38,https://shop.chessbase.com/en/pics/bp_6166
The Smith-Morra Gambit,Lawrence Trent,FritzTrainer,https://shop.chessbase.com/en/products/the_smith-morra_gambit,,27.67,,25,https://shop.chessbase.com/en/pics/bp_5764
Build a 1.d4 Repertoire,Nigel Davies,FritzTrainer,https://shop.chessbase.com/en/products/build_a_1d4_repertoire,,27.27,,,https://shop.chessbase.com/en/pics/bp_4298
French Defence Strategy,Nigel Davies,FritzTrainer,https://shop.chessbase.com/en/products/french_defence_strategy,,29.65,,,https://shop.chessbase.com/en/pics/bp_4300
1.e4 Repertoire,Sam Collins,FritzTrainer,https://shop.chessbase.com/en/products/1e4_repertoire,,27.27,,,https://shop.chessbase.com/en/pics/bp_4284
The Trompowsky - The easy way - 2nd Edition,Andrew Martin,FritzTrainer,https://shop.chessbase.com/en/products/the_trompowsky-the_easy_way-2nd_edition,,27.27,4,60,https://shop.chessbase.com/en/pics/bp_4288
The Caro-Kann,Victor Bologan,FritzTrainer,https://shop.chessbase.com/en/products/the_caro-kann,,27.27,4,40,https://shop.chessbase.com/en/pics/bp_4254
Black Repertoire against 1.e4 Vol. 1: The Marshall Attack,Jan Gustafsson,FritzTrainer,https://shop.chessbase.com/en/products/gustafsson_the_marshall_attack1,"//youtube.com/embed/aRb0wv-sD8M,//youtube.com/embed/mAKrcAgohkA",32.63,,45,https://shop.chessbase.com/en/pics/bp_5810
O’Kelly Sicilian,Andrew Martin,FritzTrainer,https://shop.chessbase.com/en/products/okelly_sicilian,,27.27,4,60,https://shop.chessbase.com/en/pics/bp_5744
Two Knight‘s Defence,Lawrence Trent,FritzTrainer,https://shop.chessbase.com/en/products/two_knights_defence,,27.27,,45,https://shop.chessbase.com/en/pics/bp_4299
1.d4 - a classical repertoire for White,Lubomir Ftacnik,FritzTrainer,https://shop.chessbase.com/en/products/1d4-a_classical_repertoire_for_white,,27.67,,,https://shop.chessbase.com/en/pics/bp_5761
Black Repertoire against 1.e4 Vol. 2: Open Games,Jan Gustafsson,FritzTrainer,https://shop.chessbase.com/en/products/gustafsson_vol2_open_games,"//youtube.com/embed/fi24iHc4M0g,//youtube.com/embed/VFBA8i0Mb7M",32.63,,,https://shop.chessbase.com/en/pics/bp_5857
The ABC of Chess Openings - 2nd Edition,Andrew Martin,FritzTrainer,https://shop.chessbase.com/en/products/the_abc_of_chess_openings-2nd_edition,,27.27,,09,https://shop.chessbase.com/en/pics/bp_4247
The Queen’s Gambit Declined Exchange Variation,Nigel Davies,FritzTrainer,https://shop.chessbase.com/en/products/the_queens_gambit_declined_exchange_variation,,27.27,4,,https://shop.chessbase.com/en/pics/bp_4262
The ABC of the Vienna,Andrew Martin,FritzTrainer,https://shop.chessbase.com/en/products/the_abc_of_the_vienna,,27.27,3,42,https://shop.chessbase.com/en/pics/bp_4249
The Gruenfeld Defence,Lubomir Ftacnik,FritzTrainer,https://shop.chessbase.com/en/products/the_gruenfeld_defence,,27.27,7,21,https://shop.chessbase.com/en/pics/bp_4263
The Budapest Gambit,Andrew Martin,FritzTrainer,https://shop.chessbase.com/en/products/the_budapest_gambit,,27.27,4,20,https://shop.chessbase.com/en/pics/bp_4260
The Philidor Defence,Alexei Shirov,FritzTrainer,https://shop.chessbase.com/en/products/the_philidor_defence,,29.65,,,https://shop.chessbase.com/en/pics/bp_4248
The Sicilian with 3.Bb5,Alexei Shirov,FritzTrainer,https://shop.chessbase.com/en/products/the_sicilian_with_3bb5,,32.63,,,https://shop.chessbase.com/en/pics/bp_4250
A busy person’s opening system,Nigel Davies,FritzTrainer,https://shop.chessbase.com/en/products/a_busy_persons_opening_system,,27.27,4,,https://shop.chessbase.com/en/pics/bp_4278
The ABC of the King‘s Indian 2nd edition,Andrew Martin,FritzTrainer,https://shop.chessbase.com/en/products/the_abc_of_the_kings_indian_2nd_edition,,27.27,5,60,https://shop.chessbase.com/en/pics/bp_4269
The Scandinavian - The easy way 2nd edition,Andrew Martin,FritzTrainer,https://shop.chessbase.com/en/products/the_scandinavian-the_easy_way_2nd_edition,,27.27,4,60,https://shop.chessbase.com/en/pics/bp_4270
Unorthodox Chess Openings,Valeri Lilov,FritzTrainer,https://shop.chessbase.com/en/products/lilov_unorthodox_chess_openings,//www.youtube.com/embed/kCByQJ9cUCU,27.67,,16,https://shop.chessbase.com/en/pics/bp_5887
How to play the Najdorf Vol. 3,Garry Kasparov,FritzTrainer,https://shop.chessbase.com/en/products/how_to_play_the_najdorf_vol_3,,39.66,,,https://shop.chessbase.com/en/pics/bp_4142
The ABC of the Leningrad Dutch,Andrew Martin,FritzTrainer,https://shop.chessbase.com/en/products/the_abc_of_the_leningrad_dutch,,26.76,,10,https://shop.chessbase.com/en/pics/bp_4226
The ABC of the Anti-Dutch,Andrew Martin,FritzTrainer,https://shop.chessbase.com/en/products/the_abc_of_the_anti-dutch,,26.76,,10,https://shop.chessbase.com/en/pics/bp_4227
The Sicilian Kan Variation,Valeri Lilov,FritzTrainer,https://shop.chessbase.com/en/products/the_sicilian_kan_variation,,27.27,4,29,https://shop.chessbase.com/en/pics/bp_5738
The Queen’s Gambit accepted,Valeri Lilov,FritzTrainer,https://shop.chessbase.com/en/products/the_queens_gambit_accepted,,27.27,,23,https://shop.chessbase.com/en/pics/bp_5739
The closed Sicilian,Nigel Davies,FritzTrainer,https://shop.chessbase.com/en/products/the_closed_sicilian,,26.76,,,https://shop.chessbase.com/en/pics/bp_4237
Albin’s Countergambit,Rustam Kasimdzhanov,FritzTrainer,https://shop.chessbase.com/en/products/albins_countergambit,,29.74,,,https://shop.chessbase.com/en/pics/bp_4196
The Scheveningen Sicilian,Lubomir Ftacnik,FritzTrainer,https://shop.chessbase.com/en/products/the_scheveningen_sicilian,,26.76,7,,https://shop.chessbase.com/en/pics/bp_4240
The ABC of the Sicilian Dragon,Andrew Martin,FritzTrainer,https://shop.chessbase.com/en/products/the_abc_of_the_sicilian_dragon,,26.76,,10,https://shop.chessbase.com/en/pics/bp_4229
Les ouvertures contre 1.e4,Marie Sebag,FritzTrainer,https://shop.chessbase.com/en/products/les_ouvertures_contre_1e4,,27.27,,13,https://shop.chessbase.com/en/pics/bp_4252
Attacking Repertoire with 1.d4! Vol. 1 - 3,Nicholas Pert,FritzTrainer,https://shop.chessbase.com/en/products/pert_attacking_repertoire_with_d4_vol_1_vol_2_vol_3,,79.23,5,35,https://shop.chessbase.com/Content/Layout2018/new_product_en.png
The f4 Sicilian,Nigel Davies,FritzTrainer,https://shop.chessbase.com/en/products/the_f4_sicilian,,27.27,4,,https://shop.chessbase.com/en/pics/bp_4255
