author,previewPDFURL,price,url,name,type,producer,productImage
,https://cdn.shopify.com/s/files/1/0080/9284/4094/files/Opening_Repertoire_The_Grunfeld_extracts.pdf?v=1605611371,27.95,https://everymanchess.com/collections/openings-books/products/opening-repertoire-the-grunfeld-defence,Opening Repertoire: The Grünfeld Defence,Book,Everyman Chess,//cdn.shopify.com/s/files/1/0080/9284/4094/products/9781781945742-FCORTheGrunfeldDefence_1024x1024@2x.jpg?v=1605620336
John Emms,,21.95,https://everymanchess.com/collections/openings-books/products/first-steps-1e4e5,First Steps: 1 e4 e5,eBook,Everyman Chess,//cdn.shopify.com/s/files/1/0080/9284/4094/products/8edd4e9429e464b757699bb0f7a5c951_1024x1024@2x.jpg?v=1542922646
,,24.95,https://everymanchess.com/collections/openings-books/products/essential-endgames,Essential Endgames,eBook,Everyman Chess,//cdn.shopify.com/s/files/1/0080/9284/4094/products/c4dfea9e41d20c3bb8834ddfb4dbff91_1024x1024@2x.jpg?v=1542922638
Cyrus Lakdawala,,21.95,https://everymanchess.com/collections/openings-books/products/first-steps-the-scandinavian,First Steps: The Scandinavian,eBook,Everyman Chess,//cdn.shopify.com/s/files/1/0080/9284/4094/products/2c11286b74113f609fd56b5818c67bee_1024x1024@2x.jpg?v=1542922650
,,24.95,https://everymanchess.com/collections/openings-books/products/fighting-chess-with-black,Fighting Chess with Black,Book,Everyman Chess,//cdn.shopify.com/s/files/1/0080/9284/4094/products/ee6f5a98d725e05b8160c00dedaa9b6f_1024x1024@2x.jpg?v=1542922642
Andrew Martin,,21.95,https://everymanchess.com/collections/openings-books/products/first-steps-the-caro-kann,First Steps: Caro-Kann Defence,eBook,Everyman Chess,//cdn.shopify.com/s/files/1/0080/9284/4094/products/88338a26b3b3a42407e08f6912cec319_1024x1024@2x.jpg?v=1542922648
Junior Tay,,21.95,https://everymanchess.com/collections/openings-books/products/the-schliemann-defence-move-by-move,The Schliemann Defence: Move by Move,eBook,Everyman Chess,//cdn.shopify.com/s/files/1/0080/9284/4094/products/34ca38f01d462fd48030bf98cbeef10c_1024x1024@2x.jpg?v=1542922744
,,19.95,https://everymanchess.com/collections/openings-books/products/aggressive-counterattacking-repertoire-based-on-g6,An Aggressive Counterattacking Repertoire Based on ...g6,eBook,Everyman Chess,//cdn.shopify.com/s/files/1/0080/9284/4094/products/7f51c9ec5ddadbc6ba3184a0d5f6af85_1024x1024@2x.jpg?v=1542922606
,,21.95,https://everymanchess.com/collections/openings-books/products/opening-repertoire-the-french-defence,Opening Repertoire: The French Defence,eBook,Everyman Chess,//cdn.shopify.com/s/files/1/0080/9284/4094/products/9781781945070-FC_OR_French_defence_1_1024x1024@2x.jpg?v=1546937839
,https://cdn.shopify.com/s/files/1/0080/9284/4094/files/OR_Modern_Benoni_extract.pdf?147,21.95,https://everymanchess.com/collections/openings-books/products/opening-repertoire-the-modern-benoni,Opening Repertoire: The Modern Benoni,eBook,Everyman Chess,//cdn.shopify.com/s/files/1/0080/9284/4094/products/9781781945261-FC_OR_Modern_Benoni_1024x1024@2x.jpg?v=1582537613
,,26.95,https://everymanchess.com/collections/openings-books/products/a-complete-repertoire-for-white-based-on-1-c4,A Complete Repertoire for White Based on 1 c4,Book,Everyman Chess,//cdn.shopify.com/s/files/1/0080/9284/4094/products/9781781944974_1024x1024@2x.jpg?v=1556542992
,,19.95,https://everymanchess.com/collections/openings-books/products/the-modern-interpretation-of-two-classical-systems,The Modern Interpretation of Two Classical Systems,eBook,Everyman Chess,//cdn.shopify.com/s/files/1/0080/9284/4094/products/9781781945032_1024x1024@2x.jpg?v=1556545596
,,21.95,https://everymanchess.com/collections/openings-books/products/opening-repertoire-the-petroff-defence,Opening Repertoire: The Petroff Defence,eBook,Everyman Chess,//cdn.shopify.com/s/files/1/0080/9284/4094/products/9781781945391-FC_OR_Petroff_defence_1024x1024@2x.jpg?v=1557912296
,,27.95,https://everymanchess.com/collections/openings-books/products/everything-you-need-to-know-about-gambit-play,Everything You Need to Know About Gambit Play,Book,Everyman Chess,//cdn.shopify.com/s/files/1/0080/9284/4094/products/9781781945018_1024x1024@2x.jpg?v=1556548420
,,19.95,https://everymanchess.com/collections/openings-books/products/first-steps-the-king-s-indian-defence,First Steps: King’s Indian Defence,eBook,Everyman Chess,//cdn.shopify.com/s/files/1/0080/9284/4094/products/9781781944288-FC_FS_King_s_Indian_Defence_1024x1024@2x.jpg?v=1557912216
,https://cdn.shopify.com/s/files/1/0080/9284/4094/files/OR_Sveshnikov_extract.pdf?148,21.95,https://everymanchess.com/collections/openings-books/products/opening-repertoire-the-sveshnikov,Opening Repertoire: The Sveshnikov,eBook,Everyman Chess,//cdn.shopify.com/s/files/1/0080/9284/4094/products/9781781945636-FC_OR_The_Sveshnikov_1024x1024@2x.jpg?v=1578656946
,,25.00,https://everymanchess.com/collections/openings-books/products/dangerous-weapons-bundle-3,BUNDLE: Dangerous Weapons Collection 3,eBook,Everyman Chess,//cdn.shopify.com/s/files/1/0080/9284/4094/products/edb666c44d61de4812cbce9bb1f15cd0_1024x1024@2x.jpg?v=1542116678
,,30.00,https://everymanchess.com/collections/openings-books/products/attacking-chess-bundle,BUNDLE: Attacking Chess Collection,eBook,Everyman Chess,//cdn.shopify.com/s/files/1/0080/9284/4094/products/de9464a9fbb4cc92f93f1f0f11fea2e1_1024x1024@2x.jpg?v=1542116687
Nigel Davies,,21.95,https://everymanchess.com/collections/openings-books/products/the-pirc-move-by-move,The Pirc: Move by Move,eBook,Everyman Chess,//cdn.shopify.com/s/files/1/0080/9284/4094/products/6d024f1eefc461218bea6b3468208c30_1024x1024@2x.jpg?v=1542116721
Cyrus Lakdawala,,21.95,https://everymanchess.com/collections/openings-books/products/the-anti-sicilians-move-by-move,Anti-Sicilians: Move by Move,eBook,Everyman Chess,//cdn.shopify.com/s/files/1/0080/9284/4094/products/9e7fcab2ec538175252284f1859d98e3_1024x1024@2x.jpg?v=1542116726
Andrew Martin,,19.95,https://everymanchess.com/collections/openings-books/products/first-steps-the-queens-gambit,First Steps: The Queen's Gambit,eBook,Everyman Chess,//cdn.shopify.com/s/files/1/0080/9284/4094/products/198e646d415a7ca1814d2f999c191f5e_1024x1024@2x.jpg?v=1542116783
,,19.95,https://everymanchess.com/collections/openings-books/products/starting-out-1d4-1e4,Starting Out: 1d4 & 1e4,eBook,Everyman Chess,//cdn.shopify.com/s/files/1/0080/9284/4094/products/3e95a300b83d3666cf2a1c80e7d5b378_1024x1024@2x.jpg?v=1542116819
Cyrus Lakdawala,,19.95,https://everymanchess.com/collections/openings-books/products/first-steps-the-modern,First Steps: The Modern,eBook,Everyman Chess,//cdn.shopify.com/s/files/1/0080/9284/4094/products/7c1bdaebf2bed6e25255d534a43f100f_1024x1024@2x.jpg?v=1542922649
Eric Montang,,19.95,https://everymanchess.com/collections/openings-books/products/opening-repertoire-the-caro-kann-1,Opening Repertoire: The Modern Sämisch: Combating the King’s Indian and Benoni with 6 Bg5!,eBook,Everyman Chess,//cdn.shopify.com/s/files/1/0080/9284/4094/products/6432d241a82acd3546e938d2f4f445e3_1024x1024@2x.jpg?v=1542922683
Carsten Hansen,,21.95,https://everymanchess.com/collections/openings-books/products/the-closed-sicilian-move-by-move,The Closed Sicilian: Move by Move,eBook,Everyman Chess,//cdn.shopify.com/s/files/1/0080/9284/4094/products/80c911542ab1e6fe05407b8551b49316_1024x1024@2x.jpg?v=1542922731
Nigel Davies,,21.95,https://everymanchess.com/collections/openings-books/products/the-queens-gambit-declined-move-by-move,The Queen's Gambit Declined: Move by Move,Book,Everyman Chess,//cdn.shopify.com/s/files/1/0080/9284/4094/products/f11e40310ec04a5864cb373b5795e80b_1024x1024@2x.jpg?v=1542922742
Angus Dunnington,,14.95,https://everymanchess.com/collections/openings-books/products/attacking-with-1d4,Attacking with 1 d4,eBook,Everyman Chess,//cdn.shopify.com/s/files/1/0080/9284/4094/products/413705e63cd878ee58d64543f564e328_1024x1024@2x.jpg?v=1542114832
Joe Gallagher,,14.95,https://everymanchess.com/collections/openings-books/products/starting-out-the-pirc-modern,Starting Out: The Pirc/Modern,eBook,Everyman Chess,//cdn.shopify.com/s/files/1/0080/9284/4094/products/4dc8b2a3abcc1b4514b4459b750cfde2_1024x1024@2x.jpg?v=1542115340
,,,https://everymanchess.com/collections/openings-books/products/gambit-play-sacrificing-in-the-opening,Gambit Play: Sacrificing in the Opening,Book,Everyman Chess,//cdn.shopify.com/s/files/1/0080/9284/4094/products/2b400ad91f8965366fe654fd8e7584e5_1024x1024@2x.jpg?v=1542115359
Christoph Scheerer,,17.95,https://everymanchess.com/collections/openings-books/products/the-greatest-ever-chess-opening-ideas,The Greatest Ever Chess Opening Ideas,eBook,Everyman Chess,//cdn.shopify.com/s/files/1/0080/9284/4094/products/b17d1be053957116921cac2d6f128bbb_1024x1024@2x.jpg?v=1542115853
,,,https://everymanchess.com/collections/openings-books/products/improve-your-chess-at-any-age,Improve Your Chess at Any Age,Book,Everyman Chess,
Yasser Seirawan,,19.95,https://everymanchess.com/collections/openings-books/products/winning-chess-openings,Winning Chess Openings,eBook,Everyman Chess,//cdn.shopify.com/s/files/1/0080/9284/4094/products/eb160d005e419bb7ea3d6ebcba04d608_1024x1024@2x.png?v=1542115350
,,19.95,https://everymanchess.com/collections/openings-books/products/how-to-beat-the-sicilian-defence-an-anti-sicilian-repertoire-for-white,How to Beat the Sicilian Defence: An Anti-Sicilian Repertoire for White,eBook,Everyman Chess,//cdn.shopify.com/s/files/1/0080/9284/4094/products/9821e4734969fcaaa42cd6db81975f47_1024x1024@2x.jpg?v=1542116136
David Vigorito,,10.00,https://everymanchess.com/collections/openings-books/products/attacking-chess-the-kings-indian-volume-2,"Attacking Chess: The King's Indian, Volume 2",eBook,Everyman Chess,//cdn.shopify.com/s/files/1/0080/9284/4094/products/528d922847669e1d9128bdb0f196e1fa_1024x1024@2x.jpg?v=1542116140
Cyrus Lakdawala,,19.95,https://everymanchess.com/collections/openings-books/products/the-scandinavian-move-by-move,The Scandinavian: Move by Move,eBook,Everyman Chess,//cdn.shopify.com/s/files/1/0080/9284/4094/products/dcf43446bcbfbbd58618c8e28c92d639_1024x1024@2x.jpg?v=1542116346
,,,https://everymanchess.com/collections/openings-books/products/the-slav,The Slav,Book,Everyman Chess,
,,16.95,https://everymanchess.com/collections/openings-books/products/chess-developments-sicilian-najdorf-6-bg5,Chess Developments: Sicilian Najdorf 6 Bg5,eBook,Everyman Chess,//cdn.shopify.com/s/files/1/0080/9284/4094/products/fc74a7fd4eba4c44eb9a76c913de8a72_1024x1024@2x.jpg?v=1542116375
,,,https://everymanchess.com/collections/openings-books/products/the-semi-slav,The Semi-Slav,Book,Everyman Chess,//cdn.shopify.com/s/files/1/0080/9284/4094/products/ec7e634ddbf4c7b384547d22ea4cf34c_1024x1024@2x.jpg?v=1542116384
,,21.95,https://everymanchess.com/collections/openings-books/products/opening-repertoire-the-open-games-with-black,Opening Repertoire: The Open Games with Black,eBook,Everyman Chess,//cdn.shopify.com/s/files/1/0080/9284/4094/products/f59e09f5fc497f928e8e93e57d614300_1024x1024@2x.jpg?v=1542116388
Christof Sielecki,,21.95,https://everymanchess.com/collections/openings-books/products/opening-repertoire-nimzo-and-bogo-indian,Opening Repertoire: Nimzo and Bogo Indian,eBook,Everyman Chess,//cdn.shopify.com/s/files/1/0080/9284/4094/products/48790ef21ce12243e6cda5cbe4275070_1024x1024@2x.jpg?v=1542116392
Cyrus Lakdawala,,19.95,https://everymanchess.com/collections/openings-books/products/the-nimzo-larsen-attack-move-by-move,The Nimzo-Larsen Attack: Move by Move,eBook,Everyman Chess,//cdn.shopify.com/s/files/1/0080/9284/4094/products/b67defb3be4522f25d6be3bdc5076f62_1024x1024@2x.jpg?v=1542116397
Lorin D'Costa,,19.95,https://everymanchess.com/collections/openings-books/products/the-panov-botvinnik-attack-move-by-move,The Panov-Botvinnik Attack: Move by Move,eBook,Everyman Chess,//cdn.shopify.com/s/files/1/0080/9284/4094/products/66a161b9cd4b01cd91f2b924cf43d62f_1024x1024@2x.jpg?v=1542116407
Sam Collins,,19.95,https://everymanchess.com/collections/openings-books/products/the-tarrasch-defence-move-by-move,The Tarrasch Defence: Move by Move,eBook,Everyman Chess,//cdn.shopify.com/s/files/1/0080/9284/4094/products/7aea3a6cae896dd66f7b35553fb0fa85_1024x1024@2x.jpg?v=1542116427
Junior Tay,,19.99,https://everymanchess.com/collections/openings-books/products/the-benko-gambit-move-by-move,The Benko Gambit: Move by Move,eBook,Everyman Chess,//cdn.shopify.com/s/files/1/0080/9284/4094/products/343634e651a99ba3fc9483eee628326f_1024x1024@2x.jpg?v=1542116443
Damian Lemos,,19.95,https://everymanchess.com/collections/openings-books/products/opening-repertoire-the-fianchetto-system-weapons-for-white-against-the-kings-indian-and-grunfeld,Opening Repertoire: The Fianchetto System - Weapons for White against the King's Indian and Grünfeld,eBook,Everyman Chess,//cdn.shopify.com/s/files/1/0080/9284/4094/products/b68d70ac54387fddffff86edb89b016c_1024x1024@2x.jpg?v=1542116448
Cyrus Lakdawala,,19.95,https://everymanchess.com/collections/openings-books/products/the-alekhine-defence-move-by-move,The Alekhine Defence: Move by Move,eBook,Everyman Chess,//cdn.shopify.com/s/files/1/0080/9284/4094/products/c64cf67bc06fa1a84a2b5b77ed4d0dc3_1024x1024@2x.jpg?v=1542116456
Cyrus Lakdawala,,19.99,https://everymanchess.com/collections/openings-books/products/the-trompowsky-attack-move-by-move,The Trompowsky Attack: Move by Move,eBook,Everyman Chess,//cdn.shopify.com/s/files/1/0080/9284/4094/products/2a0446d3ab05c857746dafada75cee65_1024x1024@2x.jpg?v=1542116461
Cyrus Lakdawala,,19.95,https://everymanchess.com/collections/openings-books/products/the-classical-french-move-by-move,The Classical French: Move by Move,eBook,Everyman Chess,//cdn.shopify.com/s/files/1/0080/9284/4094/products/488b9caf00b3b35b8539aa9ba599f3b9_1024x1024@2x.jpg?v=1542116475
Junior Tay,,19.99,https://everymanchess.com/collections/openings-books/products/the-old-indian-move-by-move,The Old Indian: Move by Move,eBook,Everyman Chess,//cdn.shopify.com/s/files/1/0080/9284/4094/products/a855cc8f4bc5045f4917b57097199578_1024x1024@2x.jpg?v=1542116518
Jovanka Houska,,21.95,https://everymanchess.com/collections/openings-books/products/opening-repertoire-the-caro-kann,Opening Repertoire: The Caro-Kann,eBook,Everyman Chess,//cdn.shopify.com/s/files/1/0080/9284/4094/products/e8b0c051588b0847aaf272bca84b58dd_1024x1024@2x.jpg?v=1542116492
Simon Williams,,19.95,https://everymanchess.com/collections/openings-books/products/the-killer-dutch,The Killer Dutch,eBook,Everyman Chess,//cdn.shopify.com/s/files/1/0080/9284/4094/products/1fc287a497f5c66f78a7d1796b213a75_1024x1024@2x.jpg?v=1542116525
Cyrus Lakdawala,,19.95,https://everymanchess.com/collections/openings-books/products/birds-opening-move-by-move,Bird's Opening: Move by move,eBook,Everyman Chess,//cdn.shopify.com/s/files/1/0080/9284/4094/products/6830084ff81a0b3cc0af2385271597af_1024x1024@2x.jpg?v=1542116529
Cyrus Lakdawala,,21.95,https://everymanchess.com/collections/openings-books/products/1-b6-move-by-move,1...b6: Move by Move,eBook,Everyman Chess,//cdn.shopify.com/s/files/1/0080/9284/4094/products/9ca478cc7a53302a86eb66ddcb477f23_1024x1024@2x.jpg?v=1542116533
Richard Palliser,,14.95,https://everymanchess.com/collections/openings-books/products/starting-out-d-pawn-attacks-the-colle-zukertort-barry-and-150-attacks,Starting Out: d-pawn Attacks,eBook,Everyman Chess,//cdn.shopify.com/s/files/1/0080/9284/4094/products/d5c21101949e422fa54bb6b01e08204a_1024x1024@2x.jpg?v=1542116568
,,,https://everymanchess.com/collections/openings-books/products/alekhine-s-defence,Alekhine's Defence,Book,Everyman Chess,//cdn.shopify.com/s/files/1/0080/9284/4094/products/7bfd2e1848c985cf78f554401f782326_1024x1024@2x.jpg?v=1542116555
Neil McDonald,,14.95,https://everymanchess.com/collections/openings-books/products/how-to-play-against-1-e4,How to Play against 1 e4,eBook,Everyman Chess,//cdn.shopify.com/s/files/1/0080/9284/4094/products/2b45b97952c59bce9df39840f32e58a8_1024x1024@2x.jpg?v=1542116574
Jimmy Liew,,19.95,https://everymanchess.com/collections/openings-books/products/the-veresov-move-by-move,The Veresov: Move by Move,eBook,Everyman Chess,//cdn.shopify.com/s/files/1/0080/9284/4094/products/381191d1bc22e23efba3970edf1c3496_1024x1024@2x.jpg?v=1542116585
Lorin D'Costa,,21.95,https://everymanchess.com/collections/openings-books/products/the-queens-indian-move-by-move,The Queen's Indian: Move by Move,eBook,Everyman Chess,//cdn.shopify.com/s/files/1/0080/9284/4094/products/1c13ee5d8ab135119f36ebb3ad71bab4_1024x1024@2x.jpg?v=1542116602
David Smerdon,,21.95,https://everymanchess.com/collections/openings-books/products/smerdons-scandinavian,Smerdon’s Scandinavian,Book,Everyman Chess,//cdn.shopify.com/s/files/1/0080/9284/4094/products/c46edf6f274d790b1dba1d603514cf19_1024x1024@2x.jpg?v=1542116595
Carsten Hansen,,19.95,https://everymanchess.com/collections/openings-books/products/the-catalan-move-by-move,The Catalan: Move by Move,eBook,Everyman Chess,//cdn.shopify.com/s/files/1/0080/9284/4094/products/2b6a87c70afb4fcb608bfdba22817b8b_1024x1024@2x.jpg?v=1542116626
Cyrus Lakdawala,,19.95,https://everymanchess.com/collections/openings-books/products/the-petroff-move-by-move,The Petroff: Move by Move,eBook,Everyman Chess,//cdn.shopify.com/s/files/1/0080/9284/4094/products/888f965a68fc38c195aa789d0ecac7b0_1024x1024@2x.jpg?v=1542116630
,https://cdn2.shopify.com/s/files/1/0080/9284/4094/files/Opening_repertoire_Queens_Gambit_extract.pdf?38,21.95,https://everymanchess.com/collections/openings-books/products/opening-repertoire-the-queens-gambit,Opening Repertoire: The Queen's Gambit,eBook,Everyman Chess,//cdn.shopify.com/s/files/1/0080/9284/4094/products/9781781942604_1024x1024@2x.jpg?v=1565190280
Neil McDonald,,21.95,https://everymanchess.com/collections/openings-books/products/the-sicilian-dragon-move-by-move,The Sicilian Dragon: Move by Move,eBook,Everyman Chess,//cdn.shopify.com/s/files/1/0080/9284/4094/products/5f9a2cec493a8b8bc87a5b5dbcb48d0c_1024x1024@2x.jpg?v=1542116638
,,25.00,https://everymanchess.com/collections/openings-books/products/dangerous-weapons-bundle-1,BUNDLE: Dangerous Weapons Collection 1,eBook,Everyman Chess,//cdn.shopify.com/s/files/1/0080/9284/4094/products/3920dac0f6d9a192d44aeb479d2531eb_1024x1024@2x.jpg?v=1542116650
,,25.00,https://everymanchess.com/collections/openings-books/products/bundle-gambiteer,BUNDLE: Gambiteer,eBook,Everyman Chess,//cdn.shopify.com/s/files/1/0080/9284/4094/products/942e149f77220f27cadac76e48bbe1d2_1024x1024@2x.jpg?v=1542116668
,,25.00,https://everymanchess.com/collections/openings-books/products/dangerous-weapons-bundle-2,BUNDLE: Dangerous Weapons Collection 2,eBook,Everyman Chess,//cdn.shopify.com/s/files/1/0080/9284/4094/products/d8917cca98b772a5e99119730482c3cd_1024x1024@2x.jpg?v=1542116673
Alexander Cherniaev,,19.95,https://everymanchess.com/collections/openings-books/products/the-new-old-indian-a-repertoire-for-black-against-1d4,The New Old Indian: A Repertoire for Black against 1d4,eBook,Everyman Chess,//cdn.shopify.com/s/files/1/0080/9284/4094/products/f4df950ed48f7bd2f89aa06118e1ad74_1024x1024@2x.jpg?v=1542922738
John Emms,,19.95,https://everymanchess.com/collections/openings-books/products/the-nimzo-indian-move-by-move,The Nimzo-Indian: Move by Move,eBook,Everyman Chess,//cdn.shopify.com/s/files/1/0080/9284/4094/products/e1ce3fc9ef5c6b5e087560f7db94fe6e_1024x1024@2x.jpg?v=1542116152
Tony Rotella,,19.95,https://everymanchess.com/collections/openings-books/products/the-killer-sicilian-fighting-1e4-with-the-kalashnikov,The Killer Sicilian: Fighting 1 e4 with the Kalashnikov,eBook,Everyman Chess,//cdn.shopify.com/s/files/1/0080/9284/4094/products/2e110d839dcdaef167e0e2040099cbf5_1024x1024@2x.jpg?v=1542116148
Neil McDonald,,19.95,https://everymanchess.com/collections/openings-books/products/the-ruy-lopez-move-by-move,The Ruy Lopez: Move by Move,eBook,Everyman Chess,//cdn.shopify.com/s/files/1/0080/9284/4094/products/9335ba686d978494e12c9e6b6cac24f3_1024x1024@2x.jpg?v=1542116160
Cyrus Lakdawala,,19.95,https://everymanchess.com/collections/openings-books/products/the-slav-move-by-move,The Slav: Move by Move,eBook,Everyman Chess,//cdn.shopify.com/s/files/1/0080/9284/4094/products/d4cbb9e942d53e3dbcbd5437e1613e7f_1024x1024@2x.jpg?v=1542116174
,,,https://everymanchess.com/collections/openings-books/products/aljechin-alarm-ein-zuverlassiges-schwarz-repertoire-gegen-1-e4,Aljechin-Alarm!: Ein zuverlässiges Schwarz-Repertoire gegen 1. e4,Book,Everyman Chess,
,,,https://everymanchess.com/collections/openings-books/products/geheimwaffe-londoner-system,Geheimwaffe Londoner System,Book,Everyman Chess,
David Vigorito,,16.95,https://everymanchess.com/collections/openings-books/products/chess-developments-the-sicilian-dragon,Chess Developments: The Sicilian Dragon,eBook,Everyman Chess,//cdn.shopify.com/s/files/1/0080/9284/4094/products/479310c9d7e89b726d9f3daec579a4c8_1024x1024@2x.jpg?v=1542116180
Richard Palliser,,16.95,https://everymanchess.com/collections/openings-books/products/chess-developments-the-modern-benoni,Chess Developments: The Modern Benoni,eBook,Everyman Chess,//cdn.shopify.com/s/files/1/0080/9284/4094/products/b92085d83151adff292bce336a2f13a3_1024x1024@2x.jpg?v=1542116185
John Emms,,19.95,https://everymanchess.com/collections/openings-books/products/the-sicilian-taimanov-move-by-move,The Sicilian Taimanov: Move by Move,eBook,Everyman Chess,//cdn.shopify.com/s/files/1/0080/9284/4094/products/80389931b75d9202ad19d5cb3f21b09e_1024x1024@2x.jpg?v=1542116189
Cyrus Lakdawala,,19.95,https://everymanchess.com/collections/openings-books/products/1-d6-move-by-move,1...d6: Move by Move,Book,Everyman Chess,//cdn.shopify.com/s/files/1/0080/9284/4094/products/46d95972d9a8c4857298502c1cdb765e_1024x1024@2x.jpg?v=1542116195
Timothy Taylor,,12.95,https://everymanchess.com/collections/openings-books/products/slay-the-sicilian,Slay the Sicilian!,eBook,Everyman Chess,//cdn.shopify.com/s/files/1/0080/9284/4094/products/e028004689340e06b7268abbb2db9cb5_1024x1024@2x.jpg?v=1542116199
John Watson,,19.95,https://everymanchess.com/collections/openings-books/products/play-the-french-4th-edition,"Play the French, 4th edition",eBook,Everyman Chess,//cdn.shopify.com/s/files/1/0080/9284/4094/products/59a429f235cc36ca54673abe0e57da9f_1024x1024@2x.jpg?v=1542116204
Richard Palliser,,19.95,https://everymanchess.com/collections/openings-books/products/the-torre-attack-move-by-move,The Torre Attack: Move by Move,eBook,Everyman Chess,//cdn.shopify.com/s/files/1/0080/9284/4094/products/8e8bfd090b51fe89be9cb1bf76ee455a_1024x1024@2x.jpg?v=1542116229
Cyrus Lakdawala,,19.95,https://everymanchess.com/collections/openings-books/products/the-caro-kann-move-by-move,The Caro-Kann: Move by Move,eBook,Everyman Chess,//cdn.shopify.com/s/files/1/0080/9284/4094/products/a2f1c047bfbd1dbd4caff3b4fa82cd19_1024x1024@2x.jpg?v=1542116234
Lorin D'Costa,,19.95,https://everymanchess.com/collections/openings-books/products/the-sicilian-scheveningen-move-by-move,The Sicilian Scheveningen: Move by Move,eBook,Everyman Chess,//cdn.shopify.com/s/files/1/0080/9284/4094/products/924081bdcb095233338ae20578404d24_1024x1024@2x.jpg?v=1542116243
David Vigorito,,16.95,https://everymanchess.com/collections/openings-books/products/chess-developments-the-grunfeld,Chess Developments: The Grünfeld,eBook,Everyman Chess,//cdn.shopify.com/s/files/1/0080/9284/4094/products/3ab98e131a96ae75e364ae1fa4818566_1024x1024@2x.jpg?v=1542116239
Johan Hellsten,,19.95,https://everymanchess.com/collections/openings-books/products/mastering-opening-strategy,Mastering Opening Strategy,eBook,Everyman Chess,//cdn.shopify.com/s/files/1/0080/9284/4094/products/9781857446920_1024x1024@2x.jpg?v=1593080682
John Cox,,10.99,https://everymanchess.com/collections/openings-books/products/dangerous-weapons-the-ruy-lopez,Dangerous Weapons: The Ruy Lopez,eBook,Everyman Chess,//cdn.shopify.com/s/files/1/0080/9284/4094/products/7a044ad4d58dafb1a1b221cada2d6cc4_1024x1024@2x.jpg?v=1542116251
James Vigus,,16.95,https://everymanchess.com/collections/openings-books/products/chess-developments-the-pirc,Chess Developments: The Pirc,eBook,Everyman Chess,//cdn.shopify.com/s/files/1/0080/9284/4094/products/8e7e337118d23e62f8b19aaeb55de934_1024x1024@2x.jpg?v=1542116263
Cyrus Lakdawala,,19.95,https://everymanchess.com/collections/openings-books/products/the-four-knights-move-by-move,The Four Knights: Move by Move,eBook,Everyman Chess,//cdn.shopify.com/s/files/1/0080/9284/4094/products/72e980c93a9dd0517ccb2209f193fced_1024x1024@2x.jpg?v=1542116268
Steve Giddins,,19.95,https://everymanchess.com/collections/openings-books/products/the-english-move-by-move,The English: Move by Move,eBook,Everyman Chess,//cdn.shopify.com/s/files/1/0080/9284/4094/products/23a05037d4c1d0ac541ef87fad09ab0e_1024x1024@2x.jpg?v=1542116284
Cyrus Lakdawala,,19.95,https://everymanchess.com/collections/openings-books/products/the-modern-defence-move-by-move,The Modern Defence: Move by Move,eBook,Everyman Chess,//cdn.shopify.com/s/files/1/0080/9284/4094/products/43a417d59eaead99bc4052ed75d2270b_1024x1024@2x.jpg?v=1542116288
Bryan Paulsen,,16.95,https://everymanchess.com/collections/openings-books/products/chess-developments-semi-slav-5-bg5,Chess Developments: Semi-Slav 5 Bg5,eBook,Everyman Chess,//cdn.shopify.com/s/files/1/0080/9284/4094/products/fd42dc34ddcc210e6da4f9113eef82af_1024x1024@2x.jpg?v=1542116294
Neil McDonald,,19.95,https://everymanchess.com/collections/openings-books/products/the-kings-indian-attack-move-by-move,The King's Indian Attack: Move by Move,eBook,Everyman Chess,//cdn.shopify.com/s/files/1/0080/9284/4094/products/a658e8aedc3b34c3133df563e34405ee_1024x1024@2x.jpg?v=1542116302
,,9.99,https://everymanchess.com/collections/openings-books/products/chess-secrets-great-chess-romanticslearn-from-anderssen-chigorin-reti-larsen-and-morozevich,"Chess Secrets: Great Chess Romantics: Learn from Anderssen, Chigorin, Réti, Larsen and Morozevich",eBook,Everyman Chess,//cdn.shopify.com/s/files/1/0080/9284/4094/products/fea10688addc3c03de5fba1f71252354_1024x1024@2x.jpg?v=1542116306
Steve Giddins,,19.95,https://everymanchess.com/collections/openings-books/products/the-french-winawer-move-by-move,The French Winawer: Move by Move,eBook,Everyman Chess,//cdn.shopify.com/s/files/1/0080/9284/4094/products/f5f6c275cb5dc2da5af0ac7a0e9ce63a_1024x1024@2x.jpg?v=1542116320
James Schuyler,,14.99,https://everymanchess.com/collections/openings-books/products/the-dark-knight-system-a-repertoire-with-1-nc6,The Dark Knight System: A repertoire with 1...Nc6,Book,Everyman Chess,//cdn.shopify.com/s/files/1/0080/9284/4094/products/12af8b8a60c44172656b1e5a327b1d70_1024x1024@2x.jpg?v=1542922732
Peter Lalic,,10.99,https://everymanchess.com/collections/openings-books/products/play-the-accelerated-dragon,Play the Accelerated Dragon,eBook,Everyman Chess,//cdn.shopify.com/s/files/1/0080/9284/4094/products/b2a63ff589a9f623bf3e38a6909a9dbf_1024x1024@2x.jpg?v=1542116341
Cyrus Lakdawala,,19.95,https://everymanchess.com/collections/openings-books/products/the-colle-move-by-move,The Colle: Move by Move,eBook,Everyman Chess,//cdn.shopify.com/s/files/1/0080/9284/4094/products/437da5dd5826c85af36b64931aeb3c1a_1024x1024@2x.jpg?v=1542116333
,,9.99,https://everymanchess.com/collections/openings-books/products/birds-opening-detailed-coverage-of-an-underrated-and-dynamic-choice-for-white,Bird's Opening: Detailed coverage of an underrated and dynamic choice for White,eBook,Everyman Chess,//cdn.shopify.com/s/files/1/0080/9284/4094/products/4dc9f238edffb0531970358e20183b4c_1024x1024@2x.jpg?v=1542922613
,,,https://everymanchess.com/collections/openings-books/products/starting-out-sicilian-scheveningen,Starting Out: Sicilian Scheveningen,Book,Everyman Chess,//cdn.shopify.com/s/files/1/0080/9284/4094/products/bb9fd9bd0d1de81378e164b1ee3e9dde_1024x1024@2x.jpg?v=1542115682
,,,https://everymanchess.com/collections/openings-books/products/discovering-chess-openings-building-opening-skills-from-basic-principles,Discovering Chess Openings : Building opening skills from basic principles,Book,Everyman Chess,//cdn.shopify.com/s/files/1/0080/9284/4094/products/167f3d95e1d313bd1a26753b2367e2b5_1024x1024@2x.jpg?v=1542115686
John Emms,,10.99,https://everymanchess.com/collections/openings-books/products/dangerous-weapons-the-sicilian,Dangerous Weapons: The Sicilian,eBook,Everyman Chess,//cdn.shopify.com/s/files/1/0080/9284/4094/products/50ddb852bd860faacffd7cd3d9431200_1024x1024@2x.jpg?v=1542115696
Chris Ward,,10.99,https://everymanchess.com/collections/openings-books/products/dangerous-weapons-the-nimzo-indian,Dangerous Weapons: The Nimzo-Indian,eBook,Everyman Chess,//cdn.shopify.com/s/files/1/0080/9284/4094/products/bc73e6f86f83f24163c74ce0f8f3f5b5_1024x1024@2x.jpg?v=1542115700
Timothy Taylor,,10.99,https://everymanchess.com/collections/openings-books/products/beating-the-kings-indian-and-grunfeld,Beating the King's Indian and Grünfeld,eBook,Everyman Chess,//cdn.shopify.com/s/files/1/0080/9284/4094/products/6cf485b727e78e6f704dd0033e70efa6_1024x1024@2x.jpg?v=1542922612
,,9.99,https://everymanchess.com/collections/openings-books/products/the-philidor-files-detailed-coverage-of-a-dynamic-opening,The Philidor Files: Detailed coverage of a dynamic opening,eBook,Everyman Chess,//cdn.shopify.com/s/files/1/0080/9284/4094/products/914e81eb610b8295ce174849acbf17ca_1024x1024@2x.jpg?v=1542115725
Jovanka Houska,,19.95,https://everymanchess.com/collections/openings-books/products/play-the-caro-kann-a-complete-chess-opening-repertoire-against-1-e4,Play the Caro-Kann: A complete chess opening repertoire against 1 e4,eBook,Everyman Chess,//cdn.shopify.com/s/files/1/0080/9284/4094/products/0e49fe6c15850697f61c8c60d590ec11_1024x1024@2x.jpg?v=1542115734
James Vigus,,19.95,https://everymanchess.com/collections/openings-books/products/the-pirc-in-black-white-detailed-coverage-of-an-enterprising-chess-opening,The Pirc in Black & White: Detailed coverage of an enterprising chess opening,eBook,Everyman Chess,//cdn.shopify.com/s/files/1/0080/9284/4094/products/2165ac245fec23e5f28b4aa7352385f4_1024x1024@2x.jpg?v=1542115729
John Watson,,10.99,https://everymanchess.com/collections/openings-books/products/dangerous-weapons-the-french,Dangerous Weapons: The French,eBook,Everyman Chess,//cdn.shopify.com/s/files/1/0080/9284/4094/products/8945d79644fc12392fefc72809475d59_1024x1024@2x.jpg?v=1542115739
John Cox,,12.99,https://everymanchess.com/collections/openings-books/products/starting-out-sicilian-sveshnikov,Starting Out: Sicilian Sveshnikov,eBook,Everyman Chess,//cdn.shopify.com/s/files/1/0080/9284/4094/products/ef7b9baaea499904e038d6134a8e0a2f_1024x1024@2x.jpg?v=1542115749
Nigel Davies,,17.95,https://everymanchess.com/collections/openings-books/products/gambiteer-i-a-hard-hitting-chess-opening-repertoire-for-white,Gambiteer I: A hard-hitting chess opening repertoire for White,eBook,Everyman Chess,//cdn.shopify.com/s/files/1/0080/9284/4094/products/fe7779205ce5f57c2f1b6c7cb088a06f_1024x1024@2x.jpg?v=1542115753
Richard Palliser,,14.95,https://everymanchess.com/collections/openings-books/products/starting-out-the-colle,Starting Out: The Colle,eBook,Everyman Chess,//cdn.shopify.com/s/files/1/0080/9284/4094/products/35675559de5fde513fe8102430f03582_1024x1024@2x.jpg?v=1542115758
Yelena Dembo,,17.95,https://everymanchess.com/collections/openings-books/products/play-the-grunfeld,Play the Grünfeld,eBook,Everyman Chess,//cdn.shopify.com/s/files/1/0080/9284/4094/products/e795dad1348e2ac88b78d8a228436b51_1024x1024@2x.jpg?v=1542115763
Christoph Scheerer,,17.95,https://everymanchess.com/collections/openings-books/products/play-1-nc6-a-complete-chess-opening-repertoire-for-black,Play 1...Nc6!: A complete chess opening repertoire for Black,eBook,Everyman Chess,//cdn.shopify.com/s/files/1/0080/9284/4094/products/71410ca2824c018ed850dd113f2af522_1024x1024@2x.jpg?v=1542115767
Andrew Greet,,14.95,https://everymanchess.com/collections/openings-books/products/starting-out-the-accelerated-dragon-fundamental-coverage-of-a-dynamic-sicilian,Starting Out: The Accelerated Dragon: Fundamental coverage of a dynamic Sicilian,eBook,Everyman Chess,//cdn.shopify.com/s/files/1/0080/9284/4094/products/fdf3ef7b98e57c7038cffdb6c1020668_1024x1024@2x.jpg?v=1542115776
,,,https://everymanchess.com/collections/openings-books/products/eroffnungsreihe-starting-out-sizilianische-geheimnisse,Eröffnungsreihe STARTING OUT - Sizilianische Geheimnisse,Book,Everyman Chess,
,,,https://everymanchess.com/collections/openings-books/products/eroffnungsreihe-starting-out-konigsindische-geheimnisse,Eröffnungsreihe STARTING OUT - Königsindische Geheimnisse,Book,Everyman Chess,
,,,https://everymanchess.com/collections/openings-books/products/eroffnungsreihe-starting-out-caro-kann-geheimnisse,Eröffnungsreihe STARTING OUT - Caro-Kann Geheimnisse,Book,Everyman Chess,
,,,https://everymanchess.com/collections/openings-books/products/eroffnungsreihe-starting-out-geheimnisse-des-konigsindischen-angriffs,Eröffnungsreihe STARTING OUT - Geheimnisse des königsindischen Angriffs,Book,Everyman Chess,
,,,https://everymanchess.com/collections/openings-books/products/eroffnungsreihe-starting-out-englische-geheimnisse,Eröffnungsreihe STARTING OUT - Englische Geheimnisse,Book,Everyman Chess,
Nigel Davies,,17.95,https://everymanchess.com/collections/openings-books/products/gambiteer-ii-a-hard-hitting-chess-opening-repertoire-for-black,Gambiteer II: A hard-hitting chess opening repertoire for Black,eBook,Everyman Chess,//cdn.shopify.com/s/files/1/0080/9284/4094/products/bff74fa0e6ffe9d36dd572af8498c937_1024x1024@2x.jpg?v=1542115798
Richard Palliser,,17.95,https://everymanchess.com/collections/openings-books/products/fighting-the-anti-sicilians-combating-2-c3-the-closed-the-morra-gambit-and-other-tricky-ideas,Fighting the Anti-Sicilians,eBook,Everyman Chess,//cdn.shopify.com/s/files/1/0080/9284/4094/products/ade4e2776ae765fe0ec75368c8afb48c_1024x1024@2x.jpg?v=1542115773
,,,https://everymanchess.com/collections/openings-books/products/eroffnungsreihe-starting-out-nimzo-indische-geheimnisse,Eröffnungsreihe STARTING OUT - Nimzo-Indische Geheimnisse,Book,Everyman Chess,
Alexander Raetsky,,14.95,https://everymanchess.com/collections/openings-books/products/starting-out-classical-sicilian,Starting Out: Classical Sicilian,eBook,Everyman Chess,//cdn.shopify.com/s/files/1/0080/9284/4094/products/75e96686b341ec0a4bbde97b29e0f6f7_1024x1024@2x.jpg?v=1542115802
,,,https://everymanchess.com/collections/openings-books/products/the-samisch-kings-indian-uncovered,The Sämisch King's Indian Uncovered,Book,Everyman Chess,//cdn.shopify.com/s/files/1/0080/9284/4094/products/daa4a5b8637babda555a69e088a400c4_1024x1024@2x.jpg?v=1542115813
Craig Pritchett,,17.95,https://everymanchess.com/collections/openings-books/products/play-the-english-an-active-opening-repertoire-for-white,Play the English: An active opening repertoire for White,eBook,Everyman Chess,//cdn.shopify.com/s/files/1/0080/9284/4094/products/b2e2de6890f953aa33f3941e28f1fba2_1024x1024@2x.jpg?v=1542115821
Andrew Greet,,10.99,https://everymanchess.com/collections/openings-books/products/dangerous-weapons-1-e4-e5,Dangerous Weapons: 1 e4 e5,eBook,Everyman Chess,//cdn.shopify.com/s/files/1/0080/9284/4094/products/88e141b0557b59b87828adbe12855ec1_1024x1024@2x.jpg?v=1542115825
Chris Ward,,10.99,https://everymanchess.com/collections/openings-books/products/dangerous-weapons-the-queens-gambit,Dangerous Weapons: The Queen's Gambit,eBook,Everyman Chess,//cdn.shopify.com/s/files/1/0080/9284/4094/products/cb717b2f063ea39fae816f43324a5256_1024x1024@2x.jpg?v=1542115829
Gawain Jones,,14.95,https://everymanchess.com/collections/openings-books/products/starting-out-sicilian-grand-prix-attack,Starting Out: Sicilian Grand Prix Attack,eBook,Everyman Chess,//cdn.shopify.com/s/files/1/0080/9284/4094/products/93b5454e4953b123ecfab83a63b53f5f_1024x1024@2x.jpg?v=1542115833
James Vigus,,17.95,https://everymanchess.com/collections/openings-books/products/play-the-slav,Play the Slav,eBook,Everyman Chess,//cdn.shopify.com/s/files/1/0080/9284/4094/products/26d908e10127ed1f289d330e2b836d29_1024x1024@2x.jpg?v=1542115845
Nick Conticello,,19.95,https://everymanchess.com/collections/openings-books/products/play-1-b4-shock-your-opponents-with-the-sokolsky,Play 1 b4!: Shock your opponents with the Sokolsky,eBook,Everyman Chess,//cdn.shopify.com/s/files/1/0080/9284/4094/products/d67ff7628288b80badde3e36f9f35566_1024x1024@2x.jpg?v=1542922686
Craig Pritchett,,17.95,https://everymanchess.com/collections/openings-books/products/chess-secrets-heroes-of-classical-chesslearn-from-carlsen-anand-fischer-smyslov-and-rubinstein,"Chess Secrets: Heroes of Classical Chess: Learn from Carlsen, Anand, Fischer, Smyslov and Rubinstein",eBook,Everyman Chess,//cdn.shopify.com/s/files/1/0080/9284/4094/products/0ff650cc72af32c2eb7e0e611cdfd62b_1024x1024@2x.jpg?v=1542116000
,,,https://everymanchess.com/collections/openings-books/products/play-the-ponziani,Play the Ponziani,Book,Everyman Chess,//cdn.shopify.com/s/files/1/0080/9284/4094/products/7d31b692e8e67dceb52147820668a920_1024x1024@2x.jpg?v=1542116004
Andrew Greet,,19.95,https://everymanchess.com/collections/openings-books/products/beating-unusual-chess-defences-1-e4dealing-with-the-scandinavian-pirc-modern-alekhine-and-other-tricky-lines,"Beating Unusual Chess Defences: 1 e4: Dealing with the Scandinavian, Pirc, Modern, Alekhine and other tricky lines",eBook,Everyman Chess,//cdn.shopify.com/s/files/1/0080/9284/4094/products/6fdb16c2d61b4329d5063d5511d3fbf4_1024x1024@2x.jpg?v=1542922612
Neil McDonald,,14.95,https://everymanchess.com/collections/openings-books/products/starting-out-the-reti,Starting Out: The Réti,eBook,Everyman Chess,//cdn.shopify.com/s/files/1/0080/9284/4094/products/b0b38b43fc039ad40e8e08ae7a8ba2b7_1024x1024@2x.jpg?v=1542116013
James Vigus,,10.99,https://everymanchess.com/collections/openings-books/products/dangerous-weapons-the-dutch,Dangerous Weapons: The Dutch,eBook,Everyman Chess,//cdn.shopify.com/s/files/1/0080/9284/4094/products/572235ea368b0a3ae497d925fa3d4efe_1024x1024@2x.jpg?v=1542116023
,,,https://everymanchess.com/collections/openings-books/products/eroffnungsreihe-starting-out-geheimnisse-des-offensiven-damenbauern-colle-zukertort-system-barry-und-150-er-angriff,"Eröffnungsreihe STARTING OUT - Geheimnisse des offensiven Damenbauern: Colle-Zukertort-System, Barry- und 150-er Angriff",Book,Everyman Chess,
,,,https://everymanchess.com/collections/openings-books/products/gefahrliche-waffen-benoni-und-benko,Gefährliche Waffen - Benoni und Benkö,Book,Everyman Chess,
,,,https://everymanchess.com/collections/openings-books/products/gefahrliche-waffen-flankeneroffnungen,Gefährliche Waffen - Flankeneröffnungen,Book,Everyman Chess,
Glenn Flear,,12.95,https://everymanchess.com/collections/openings-books/products/starting-out-open-games,Starting Out: Open Games,eBook,Everyman Chess,//cdn.shopify.com/s/files/1/0080/9284/4094/products/7914e3dd36361ca588d140f718b966db_1024x1024@2x.jpg?v=1542116036
,,,https://everymanchess.com/collections/openings-books/products/attacking-with-the-isolated-queens-pawn,Attacking with the Isolated Queen's Pawn,Book,Everyman Chess,
Lorin D'Costa,,12.99,https://everymanchess.com/collections/openings-books/products/who-dares-wins-attacking-the-king-on-opposite-sides,Who Dares Wins!:Attacking the King on Opposite Sides,eBook,Everyman Chess,//cdn.shopify.com/s/files/1/0080/9284/4094/products/cdc8609b5496581cc76e0465971f419f_1024x1024@2x.jpg?v=1542116041
Simon Williams,,10.99,https://everymanchess.com/collections/openings-books/products/how-to-win-at-chess-quickly,How to Win at Chess - Quickly!,eBook,Everyman Chess,//cdn.shopify.com/s/files/1/0080/9284/4094/products/9a0001818a0fcd13fc2abe768d80bef0_1024x1024@2x.jpg?v=1542116045
,,9.99,https://everymanchess.com/collections/openings-books/products/the-scotch-game,The Scotch Game,eBook,Everyman Chess,//cdn.shopify.com/s/files/1/0080/9284/4094/products/b5b8eaa4ba043f778b4c0148d7e2fa2f_1024x1024@2x.jpg?v=1542116049
Nicolai V. Pedersen,,19.95,https://everymanchess.com/collections/openings-books/products/play-the-benko-gambit,Play the Benko Gambit,eBook,Everyman Chess,//cdn.shopify.com/s/files/1/0080/9284/4094/products/f04de4c8dffd1b6682352f68dbfc35b7_1024x1024@2x.jpg?v=1542116057
John Emms,,10.99,https://everymanchess.com/collections/openings-books/products/dangerous-weapons-the-caro-kann,Dangerous Weapons: The Caro-Kann,eBook,Everyman Chess,//cdn.shopify.com/s/files/1/0080/9284/4094/products/1512c77c30feffb5ffc3c5f6d863797e_1024x1024@2x.jpg?v=1542116061
Colin Crouch,,10.99,https://everymanchess.com/collections/openings-books/products/why-we-lose-at-chess,Why We Lose at Chess,eBook,Everyman Chess,//cdn.shopify.com/s/files/1/0080/9284/4094/products/ef133ee2e78f91e5686e3bbf65b8af38_1024x1024@2x.jpg?v=1542116066
Cyrus Lakdawala,,17.95,https://everymanchess.com/collections/openings-books/products/play-the-london-system,Play the London System,eBook,Everyman Chess,//cdn.shopify.com/s/files/1/0080/9284/4094/products/99772e62a1a1cfc5eb9735b08618b2bb_1024x1024@2x.jpg?v=1542922692
,,,https://everymanchess.com/collections/openings-books/products/gambit-busters-take-it-keep-it-and-win,"Gambit Busters: Take it, keep it ... and win!",Book,Everyman Chess,
Charlie Storey,,19.95,https://everymanchess.com/collections/openings-books/products/the-sniper-play-1-g6-bg7-and-c5,"The Sniper: Play 1...g6, ...Bg7 and ...c5!",eBook,Everyman Chess,//cdn.shopify.com/s/files/1/0080/9284/4094/products/121a4b9c97fef3a122bddeafffd6f8f2_1024x1024@2x.jpg?v=1542116103
Ruslan Scherbakov,,15.99,https://everymanchess.com/collections/openings-books/products/the-triangle-system-noteboom-marshall-gambit-and-other-semi-slav-triangle-lines,"The Triangle System: Noteboom, Marshall Gambit and other Semi-Slav Triangle lines",eBook,Everyman Chess,//cdn.shopify.com/s/files/1/0080/9284/4094/products/3fc578b4c6b7af6cafa6568959b36b0e_1024x1024@2x.jpg?v=1542116095
Simon Williams,,19.95,https://everymanchess.com/collections/openings-books/products/attacking-chess-the-french-a-dynamic-repertoire-for-black,Attacking Chess: The French: A dynamic repertoire for Black,eBook,Everyman Chess,//cdn.shopify.com/s/files/1/0080/9284/4094/products/db00afef4ef80522e85887c3c2a3ee3c_1024x1024@2x.jpg?v=1542116120
,,,https://everymanchess.com/collections/openings-books/products/gefahrliche-waffen-pirc-und-moderne-verteidigung,Gefährliche Waffen - Pirc und Moderne Verteidigung,Book,Everyman Chess,
,,,https://everymanchess.com/collections/openings-books/products/gefahrliche-waffen-konigsindisch,Gefährliche Waffen - Königsindisch,Book,Everyman Chess,
John Cox,,17.95,https://everymanchess.com/collections/openings-books/products/declining-the-queens-gambit,Declining the Queen's Gambit,eBook,Everyman Chess,//cdn.shopify.com/s/files/1/0080/9284/4094/products/859807d201204f05a1fc26062f312615_1024x1024@2x.jpg?v=1542116111
,,,https://everymanchess.com/collections/openings-books/products/gewinnen-mit-katalanisch,Gewinnen mit Katalanisch,Book,Everyman Chess,
David Vigorito,,10.99,https://everymanchess.com/collections/openings-books/products/attacking-chess-the-kings-indian-volume-1,"Attacking Chess: The King's Indian, Volume 1",eBook,Everyman Chess,//cdn.shopify.com/s/files/1/0080/9284/4094/products/8aa614d12c7d6f9df3f0284aa90ca438_1024x1024@2x.jpg?v=1542116107
,,,https://everymanchess.com/collections/openings-books/products/eroffnungsreihe-starting-out-der-trompowsky-angriff,Eröffnungsreihe STARTING OUT - Der Trompowsky-Angriff,Book,Everyman Chess,
,,,https://everymanchess.com/collections/openings-books/products/bird-eroffnung-eine-umfassende-einfuhrung-in-ein-unterschatztes-und-dynamisches-system-fur-weiss,Bird-Eröffnung: Eine umfassende Einführung in ein unterschätztes und dynamisches System für Weiß,Book,Everyman Chess,
,,,https://everymanchess.com/collections/openings-books/products/sizilianisch-kan-variante,Sizilianisch - Kan-Variante,Book,Everyman Chess,
,,,https://everymanchess.com/collections/openings-books/products/eroffnungsreihe-starting-out-skandinavisch,Eröffnungsreihe STARTING OUT - Skandinavisch,Book,Everyman Chess,
Cyrus Lakdawala,,19.95,https://everymanchess.com/collections/openings-books/products/a-ferocious-opening-repertoire,A Ferocious Opening Repertoire,eBook,Everyman Chess,//cdn.shopify.com/s/files/1/0080/9284/4094/products/2d33f1106892497068cafb8bcc75996b_1024x1024@2x.jpg?v=1542116131
Richard Palliser,,14.95,https://everymanchess.com/collections/openings-books/products/starting-out-the-trompowsky-attack,Starting Out: The Trompowsky Attack,eBook,Everyman Chess,//cdn.shopify.com/s/files/1/0080/9284/4094/products/625fc363d965cc2fbef3f637e22d5976_1024x1024@2x.jpg?v=1542115862
,,,https://everymanchess.com/collections/openings-books/products/the-classical-kings-indian-uncovered,The Classical King's Indian Uncovered,Book,Everyman Chess,//cdn.shopify.com/s/files/1/0080/9284/4094/products/f335087311451f759e3bef7f37f60f52_1024x1024@2x.jpg?v=1542115868
Nigel Davies,,14.95,https://everymanchess.com/collections/openings-books/products/starting-out-the-modern,Starting Out: The Modern,eBook,Everyman Chess,//cdn.shopify.com/s/files/1/0080/9284/4094/products/ec88bab2c80865dece947a89ab1e294b_1024x1024@2x.jpg?v=1542115871
,,9.99,https://everymanchess.com/collections/openings-books/products/how-to-beat-the-french-defence-the-essential-guide-to-the-tarrasch,How to Beat the French Defence: The Essential Guide to the Tarrasch,eBook,Everyman Chess,//cdn.shopify.com/s/files/1/0080/9284/4094/products/f86eeb55988c8a8fd7ef7e850ec70be3_1024x1024@2x.jpg?v=1542115875
John Emms,,14.95,https://everymanchess.com/collections/openings-books/products/starting-out-the-c3-sicilian,Starting Out: The c3 Sicilian,eBook,Everyman Chess,//cdn.shopify.com/s/files/1/0080/9284/4094/products/e11c914a71a8f2450bb6c496856df1db_1024x1024@2x.jpg?v=1542115879
Chris Ward,,10.99,https://everymanchess.com/collections/openings-books/products/dangerous-weapons-the-benoni-and-benko,Dangerous Weapons: The Benoni and Benko,eBook,Everyman Chess,//cdn.shopify.com/s/files/1/0080/9284/4094/products/3d7a0c78322f19f3fb70eaa7686cce84_1024x1024@2x.jpg?v=1542115884
Yelena Dembo,,17.95,https://everymanchess.com/collections/openings-books/products/fighting-the-anti-kings-indians-how-to-handle-whites-tricky-ways-of-avoiding-the-main-lines,Fighting the Anti-King's Indians: How to Handle White's tricky ways of avoiding the main lines,eBook,Everyman Chess,//cdn.shopify.com/s/files/1/0080/9284/4094/products/1c8937da56fde64798a0fce08148b805_1024x1024@2x.jpg?v=1542115888
Johan Hellsten,,17.95,https://everymanchess.com/collections/openings-books/products/play-the-sicilian-kan-a-dynamic-and-flexible-repertoire-for-black,Play the Sicilian Kan: A dynamic and flexible repertoire for Black,eBook,Everyman Chess,//cdn.shopify.com/s/files/1/0080/9284/4094/products/90c51f7ea51dd392f61d9779cbb9f672_1024x1024@2x.jpg?v=1542115904
Andrew Greet,,17.95,https://everymanchess.com/collections/openings-books/products/play-the-queens-indian,Play the Queen's Indian,eBook,Everyman Chess,//cdn.shopify.com/s/files/1/0080/9284/4094/products/e62302a497e40457de86f5ef5ffc736f_1024x1024@2x.jpg?v=1542115914
John Emms,,10.99,https://everymanchess.com/collections/openings-books/products/dangerous-weapons-anti-sicilians,Dangerous Weapons: Anti-Sicilians,eBook,Everyman Chess,//cdn.shopify.com/s/files/1/0080/9284/4094/products/3ece631a3e0636f5cfe86f73240177f4_1024x1024@2x.jpg?v=1542115918
,,,https://everymanchess.com/collections/openings-books/products/gewinnen-gegen-konigsindisch-und-grunfeld,Gewinnen gegen Königsindisch und Grünfeld,Book,Everyman Chess,
John Emms,,14.95,https://everymanchess.com/collections/openings-books/products/starting-out-the-sicilian-2nd-edition,"Starting Out: The Sicilian, 2nd edition",eBook,Everyman Chess,//cdn.shopify.com/s/files/1/0080/9284/4094/products/1d250df47eccaff12366cc0da56d2a99_1024x1024@2x.jpg?v=1542115928
Milos Pavlovic,,17.95,https://everymanchess.com/collections/openings-books/products/fighting-the-ruy-lopez,Fighting the Ruy Lopez,eBook,Everyman Chess,//cdn.shopify.com/s/files/1/0080/9284/4094/products/ae66e71afa3ebcf98bbead763174cc8b_1024x1024@2x.jpg?v=1542115932
Glenn Flear,,10.99,https://everymanchess.com/collections/openings-books/products/dangerous-weapons-the-kings-indian,Dangerous Weapons: The King's Indian,eBook,Everyman Chess,//cdn.shopify.com/s/files/1/0080/9284/4094/products/66c302a209858cf140f5f1446cfb63b2_1024x1024@2x.jpg?v=1542115936
Nigel Davies,,17.95,https://everymanchess.com/collections/openings-books/products/play-the-catalan,Play the Catalan,eBook,Everyman Chess,//cdn.shopify.com/s/files/1/0080/9284/4094/products/b19d66038fd006ef3cebdb29537b2189_1024x1024@2x.jpg?v=1542115940
Colin McNab,,10.99,https://everymanchess.com/collections/openings-books/products/dangerous-weapons-the-pirc-and-modern,Dangerous Weapons: The Pirc and Modern,eBook,Everyman Chess,//cdn.shopify.com/s/files/1/0080/9284/4094/products/5266e8e60109a2a62b9fd2903b4ea495_1024x1024@2x.jpg?v=1542115945
James Vigus,,10.99,https://everymanchess.com/collections/openings-books/products/dangerous-weapons-flank-openings,Dangerous Weapons: Flank Openings,eBook,Everyman Chess,//cdn.shopify.com/s/files/1/0080/9284/4094/products/c9c780ec567ae6ee879e0ee8f46651c7_1024x1024@2x.jpg?v=1542115907
Nick Conticello,,14.95,https://everymanchess.com/collections/openings-books/products/seven-ways-to-smash-the-sicilian,Seven Ways to Smash the Sicilian,eBook,Everyman Chess,//cdn.shopify.com/s/files/1/0080/9284/4094/products/325f6e32b1cccfd2aaa18538683a01b8_1024x1024@2x.jpg?v=1542115949
Timothy Taylor,,17.95,https://everymanchess.com/collections/openings-books/products/the-budapest-gambit,The Budapest Gambit,eBook,Everyman Chess,//cdn.shopify.com/s/files/1/0080/9284/4094/products/2fc1262d0bbca25fb1e01fc15a8b6d35_1024x1024@2x.jpg?v=1542115960
,,,https://everymanchess.com/collections/openings-books/products/eroffnungsreihe-starting-out-colle-geheimnisse,Eröffnungsreihe STARTING OUT - Colle Geheimnisse,Book,Everyman Chess,
,,,https://everymanchess.com/collections/openings-books/products/pirc-fur-schwarz-und-weiss,Pirc für Schwarz und Weiß,Book,Everyman Chess,
,,,https://everymanchess.com/collections/openings-books/products/sokolski-fur-schwarz-und-weiss,Sokolski für Schwarz und Weiß,Book,Everyman Chess,
,,,https://everymanchess.com/collections/openings-books/products/eroffnungsreihe-starting-out-geheimnisse-der-modernen-verteidigung,Eröffnungsreihe STARTING OUT - Geheimnisse der Modernen Verteidigung,Book,Everyman Chess,
,,,https://everymanchess.com/collections/openings-books/products/eroffnungsreihe-starting-out-geheimnisse-des-grand-prix-angriffs,Eröffnungsreihe STARTING OUT - Geheimnisse des Grand-Prix-Angriffs,Book,Everyman Chess,
,,,https://everymanchess.com/collections/openings-books/products/caro-kann-ein-komplettes-repertoire-gegen-1-e4,Caro-Kann: Ein komplettes Repertoire gegen 1.e4,Book,Everyman Chess,
,,,https://everymanchess.com/collections/openings-books/products/gefahrliche-waffen-franzosisch,Gefährliche Waffen - Französisch,Book,Everyman Chess,
,,,https://everymanchess.com/collections/openings-books/products/gewinnen-mit-slawisch,Gewinnen mit Slawisch,Book,Everyman Chess,
,,9.99,https://everymanchess.com/collections/openings-books/products/the-blackmar-diemer-gambit-a-modern-guide-to-a-fascinating-chess-opening,The Blackmar-Diemer Gambit: A modern guide to a fascinating chess opening,eBook,Everyman Chess,//cdn.shopify.com/s/files/1/0080/9284/4094/products/64e7183fea209dbe8ad5782b04e2f945_1024x1024@2x.jpg?v=1542115975
Richard Palliser,,14.95,https://everymanchess.com/collections/openings-books/products/how-to-play-against-1d4,How to Play against 1d4,eBook,Everyman Chess,//cdn.shopify.com/s/files/1/0080/9284/4094/products/3408557f074d1ac119dc964e8e9f9226_1024x1024@2x.jpg?v=1542115987
Simon Williams,,15.95,https://everymanchess.com/collections/openings-books/products/the-new-sicilian-dragon,The New Sicilian Dragon,eBook,Everyman Chess,//cdn.shopify.com/s/files/1/0080/9284/4094/products/49a3d27701d250aa9b89d206f33f368f_1024x1024@2x.jpg?v=1542115984
John Emms,,17.95,https://everymanchess.com/collections/openings-books/products/beating-1e4-e5-a-repertoire-for-white-in-the-open-games,Beating 1e4 e5: A repertoire for White in the Open Games,eBook,Everyman Chess,//cdn.shopify.com/s/files/1/0080/9284/4094/products/889176c1b2eae9e60140d156e51d39ee_1024x1024@2x.jpg?v=1542115991
,,,https://everymanchess.com/collections/openings-books/products/english-e5-the-reversed-sicilian-lines,English ... e5: The reversed Sicilian Lines,Book,Everyman Chess,//cdn.shopify.com/s/files/1/0080/9284/4094/products/2063af4c5f28766a59cd28c3bd79e96c_1024x1024@2x.jpg?v=1542115363
,,,https://everymanchess.com/collections/openings-books/products/the-four-knights,The Four Knights,Book,Everyman Chess,//cdn.shopify.com/s/files/1/0080/9284/4094/products/8ba990b6298c1679d11cb21c31d7844a_1024x1024@2x.jpg?v=1542115370
,,,https://everymanchess.com/collections/openings-books/products/the-ruy-lopez-main-line,The Ruy Lopez Main Line,Book,Everyman Chess,//cdn.shopify.com/s/files/1/0080/9284/4094/products/b020129e52c30557536cf53392bd32de_1024x1024@2x.jpg?v=1542115393
,,,https://everymanchess.com/collections/openings-books/products/starting-out-the-grunfeld,Starting Out: the Grünfeld,Book,Everyman Chess,//cdn.shopify.com/s/files/1/0080/9284/4094/products/4d8c22a0656e8bee621c15463fcca852_1024x1024@2x.jpg?v=1542115396
Nigel Davies,,19.95,https://everymanchess.com/collections/openings-books/products/the-dynamic-reti,The Dynamic Reti,eBook,Everyman Chess,//cdn.shopify.com/s/files/1/0080/9284/4094/products/2f75332a329b1024a0aa679854c43615_1024x1024@2x.jpg?v=1542115413
,,,https://everymanchess.com/collections/openings-books/products/the-catalan,The Catalan,Book,Everyman Chess,//cdn.shopify.com/s/files/1/0080/9284/4094/products/c2b323264b0a076f315271e722e02624_1024x1024@2x.jpg?v=1542115410
,,,https://everymanchess.com/collections/openings-books/products/english-opening-classical-indian,English Opening: Classical & Indian,Book,Everyman Chess,//cdn.shopify.com/s/files/1/0080/9284/4094/products/20b0de17a8e0e991678fbd74a933fae8_1024x1024@2x.gif?v=1542115427
John Emms,,14.99,https://everymanchess.com/collections/openings-books/products/starting-out-the-queens-indian,Starting Out: The Queen's Indian,eBook,Everyman Chess,//cdn.shopify.com/s/files/1/0080/9284/4094/products/52f71e021eece7c7705e8cfdc7840870_1024x1024@2x.jpg?v=1542115457
,,,https://everymanchess.com/collections/openings-books/products/play-the-kings-indian-a-complete-repertoire-for-black-in-this-most-dynamic-of-openings,Play the King's Indian: A complete Repertoire for Black in this most dynamic of openings,Book,Everyman Chess,//cdn.shopify.com/s/files/1/0080/9284/4094/products/834b318ac18cbaba5af882e6d6f50604_1024x1024@2x.jpg?v=1542115469
Endre Vegh,,14.95,https://everymanchess.com/collections/openings-books/products/starting-out-modern-benoni,Starting Out: Modern Benoni,eBook,Everyman Chess,//cdn.shopify.com/s/files/1/0080/9284/4094/products/79c58aac6b2455c446875e0ffb048c2d_1024x1024@2x.jpg?v=1542115473
,,9.99,https://everymanchess.com/collections/openings-books/products/starting-out-alekhines-defence,Starting Out: Alekhine's Defence,eBook,Everyman Chess,//cdn.shopify.com/s/files/1/0080/9284/4094/products/dd77e16b6b3b0272074139c3af27a90a_1024x1024@2x.jpg?v=1542115492
,,,https://everymanchess.com/collections/openings-books/products/starting-out-attacking-play,Starting Out: Attacking Play,Book,Everyman Chess,//cdn.shopify.com/s/files/1/0080/9284/4094/products/99ab552b7f8e489806524e3f6dae51e7_1024x1024@2x.jpg?v=1542115479
,,,https://everymanchess.com/collections/openings-books/products/the-offbeat-kings-indian-lesser-known-tries-to-counter-this-most-popular-of-defences,The Offbeat King's Indian: Lesser known tries to counter this most popular of defences,Book,Everyman Chess,//cdn.shopify.com/s/files/1/0080/9284/4094/products/c042f3928797a0cdf4d796cb11075f5c_1024x1024@2x.jpg?v=1542115502
John Emms,,14.95,https://everymanchess.com/collections/openings-books/products/the-scandinavian-2nd-edition,The Scandinavian (2nd edition),eBook,Everyman Chess,//cdn.shopify.com/s/files/1/0080/9284/4094/products/18aed0503e6b002f777acc8636fa2055_1024x1024@2x.jpg?v=1542115498
Alexander Raetsky,,14.95,https://everymanchess.com/collections/openings-books/products/starting-out-benoni-systems,Starting Out: Benoni Systems,eBook,Everyman Chess,//cdn.shopify.com/s/files/1/0080/9284/4094/products/4cd0746e873a80eba1e58e8ffac2ee81_1024x1024@2x.jpg?v=1542115522
Glenn Flear,,14.95,https://everymanchess.com/collections/openings-books/products/starting-out-slav-semi-slav,Starting Out: Slav & Semi-Slav,eBook,Everyman Chess,//cdn.shopify.com/s/files/1/0080/9284/4094/products/b6af72f4c9524d0103ef2f042cd35405_1024x1024@2x.jpg?v=1542115528
John Emms,,14.95,https://everymanchess.com/collections/openings-books/products/starting-out-the-scotch-game,Starting Out: The Scotch Game,eBook,Everyman Chess,//cdn.shopify.com/s/files/1/0080/9284/4094/products/cf6cdd5c42b024f9a981c9cc3fb63e8e_1024x1024@2x.jpg?v=1542115534
Richard Palliser,,14.95,https://everymanchess.com/collections/openings-books/products/starting-out-sicilian-najdorf,Starting Out: Sicilian Najdorf,eBook,Everyman Chess,//cdn.shopify.com/s/files/1/0080/9284/4094/products/e26de96c7a55309a658b31c55f0221a3_1024x1024@2x.jpg?v=1542115539
John Emms,,14.95,https://everymanchess.com/collections/openings-books/products/starting-out-kings-indian-attack,Starting Out: King's Indian Attack,eBook,Everyman Chess,//cdn.shopify.com/s/files/1/0080/9284/4094/products/5d3bc841d93448a505f4b96a609735ee_1024x1024@2x.jpg?v=1542115543
,,,https://everymanchess.com/collections/openings-books/products/the-petroff-defence,The Petroff Defence,Book,Everyman Chess,//cdn.shopify.com/s/files/1/0080/9284/4094/products/6431c2faf5399b6ca7c9451b0cd69e5d_1024x1024@2x.jpg?v=1542115554
Chris Ward,,17.95,https://everymanchess.com/collections/openings-books/products/offbeat-nimzo-indian,Offbeat Nimzo-Indian,eBook,Everyman Chess,//cdn.shopify.com/s/files/1/0080/9284/4094/products/2e2dc5173e9be7f57df5f3c2099fef82_1024x1024@2x.jpg?v=1542115557
Richard Palliser,,10.99,https://everymanchess.com/collections/openings-books/products/tango-a-dynamic-answer-to-1-d4,Tango! A Dynamic Answer to 1 d4,eBook,Everyman Chess,//cdn.shopify.com/s/files/1/0080/9284/4094/products/b1e9ea8a735d69185b40aa83213d90c0_1024x1024@2x.jpg?v=1542115563
,,,https://everymanchess.com/collections/openings-books/products/ruy-lopez-exchange,Ruy Lopez Exchange,Book,Everyman Chess,//cdn.shopify.com/s/files/1/0080/9284/4094/products/d0ce658e90c5930d167e0d10aab1a3db_1024x1024@2x.jpg?v=1542115570
Jan Pinski,,17.95,https://everymanchess.com/collections/openings-books/products/italian-game-and-evans-gambit,Italian Game and Evans Gambit,eBook,Everyman Chess,//cdn.shopify.com/s/files/1/0080/9284/4094/products/5bfeb16c11661cae95c9f37375bb01bb_1024x1024@2x.jpg?v=1542115573
Sam Collins,,17.95,https://everymanchess.com/collections/openings-books/products/the-french-advance-2nd-edition,The French Advance (2nd edition),eBook,Everyman Chess,//cdn.shopify.com/s/files/1/0080/9284/4094/products/40d55a3f904161690ab8d004577bd65f_1024x1024@2x.jpg?v=1542115577
Nigel Davies,,,https://everymanchess.com/collections/openings-books/products/the-trompowsky,The Trompowsky,Book,Everyman Chess,//cdn.shopify.com/s/files/1/0080/9284/4094/products/4a22f181129c8d5d2765ec4bc8801b19_1024x1024@2x.jpg?v=1542115603
Neil McDonald,,14.95,https://everymanchess.com/collections/openings-books/products/starting-out-the-dutch-defence,Starting Out: The Dutch Defence,eBook,Everyman Chess,//cdn.shopify.com/s/files/1/0080/9284/4094/products/6b6a9140c1e362965ec9af1fa169507e_1024x1024@2x.jpg?v=1542115607
Richard Palliser,,19.95,https://everymanchess.com/collections/openings-books/products/the-bb5-sicilian-detailed-coverage-of-a-thoroughly-modern-system,The Bb5 Sicilian: Detailed coverage of a thoroughly modern system,eBook,Everyman Chess,//cdn.shopify.com/s/files/1/0080/9284/4094/products/O-Bb5-Sicilian_1024x1024@2x.jpg?v=1592904596
,,9.99,https://everymanchess.com/collections/openings-books/products/play-1-b6-a-dynamic-and-hypermodern-opening-system-for-black,Play 1...b6!: A dynamic and hypermodern opening system for Black,eBook,Everyman Chess,//cdn.shopify.com/s/files/1/0080/9284/4094/products/0f3c51b22dadea01737411efe5e0e028_1024x1024@2x.jpg?v=1542115626
Andrew Martin,,12.99,https://everymanchess.com/collections/openings-books/products/starting-out-the-sicilian-dragon,Starting Out: The Sicilian Dragon,eBook,Everyman Chess,//cdn.shopify.com/s/files/1/0080/9284/4094/products/4054e98b3a73526601fdcca6fec4f8bf_1024x1024@2x.jpg?v=1542115629
,,,https://everymanchess.com/collections/openings-books/products/opening-repertoire-for-the-positional-player,Opening Repertoire for the Positional Player,Book,Everyman Chess,//cdn.shopify.com/s/files/1/0080/9284/4094/products/f9e6c3e5e0403cbfdb8187e5b79ad73c_9a849805-7f16-472f-8dca-1303d113fabd_1024x1024@2x.gif?v=1542115061
,,,https://everymanchess.com/collections/openings-books/products/opening-repertoire-for-the-attacking-player,Opening Repertoire for the Attacking Player,Book,Everyman Chess,//cdn.shopify.com/s/files/1/0080/9284/4094/products/f9e6c3e5e0403cbfdb8187e5b79ad73c_1024x1024@2x.gif?v=1542115058
Matthew Sadler,,19.95,https://everymanchess.com/collections/openings-books/products/queens-gambit-declined,Queen's Gambit Declined,eBook,Everyman Chess,//cdn.shopify.com/s/files/1/0080/9284/4094/products/1539e2906788b527f45da931a9b53510_1024x1024@2x.jpg?v=1542115085
,,,https://everymanchess.com/collections/openings-books/products/sicilian-grand-prix-attack,Sicilian Grand Prix Attack,Book,Everyman Chess,//cdn.shopify.com/s/files/1/0080/9284/4094/products/f7b3dc5b1724d2a12416ba83fa789c78_1024x1024@2x.jpg?v=1542115101
,,,https://everymanchess.com/collections/openings-books/products/sicilian-kalashnikov,Sicilian Kalashnikov,Book,Everyman Chess,//cdn.shopify.com/s/files/1/0080/9284/4094/products/c8d64c45eee0bc1569af4e7e6331edae_1024x1024@2x.jpg?v=1542115105
,,,https://everymanchess.com/collections/openings-books/products/sicilian-taimanov,Sicilian Taimanov,Book,Everyman Chess,//cdn.shopify.com/s/files/1/0080/9284/4094/products/1d748c478e42b196fa41d0d251a8f05d_1024x1024@2x.jpg?v=1542115107
,,,https://everymanchess.com/collections/openings-books/products/simple-winning-chess,Simple Winning Chess,Book,Everyman Chess,//cdn.shopify.com/s/files/1/0080/9284/4094/products/20c9f8807fe5c0e465b050aa7eb2e0c5_1024x1024@2x.gif?v=1542115115
,,,https://everymanchess.com/collections/openings-books/products/symmetrical-english,Symmetrical English,Book,Everyman Chess,//cdn.shopify.com/s/files/1/0080/9284/4094/products/6b0beb2e6147a385d8e841a86a040ff4_1024x1024@2x.jpg?v=1542115132
,,,https://everymanchess.com/collections/openings-books/products/the-two-knights-defence,The Two Knights Defence,Book,Everyman Chess,//cdn.shopify.com/s/files/1/0080/9284/4094/products/905e6f42c4addbb2bf31a46e8316bfca_1024x1024@2x.jpg?v=1542115159
,,,https://everymanchess.com/collections/openings-books/products/unusual-queens-gambit-declined,Unusual Queen's Gambit Declined,Book,Everyman Chess,//cdn.shopify.com/s/files/1/0080/9284/4094/products/0b885a3aadc091ca65d608344c43fdac_1024x1024@2x.jpg?v=1542115168
,,,https://everymanchess.com/collections/openings-books/products/vienna-game,Vienna Game,Book,Everyman Chess,//cdn.shopify.com/s/files/1/0080/9284/4094/products/265dff95a039288be554579326e29df1_1024x1024@2x.gif?v=1542115176
Alexander Raetsky,,14.95,https://everymanchess.com/collections/openings-books/products/meeting-1e4,Meeting 1 e4,eBook,Everyman Chess,//cdn.shopify.com/s/files/1/0080/9284/4094/products/7852ed7633854a8719af2e3ee62fae20_1024x1024@2x.jpg?v=1542115197
Jacob Aagaard,,14.95,https://everymanchess.com/collections/openings-books/products/meeting-1d4,Meeting 1 d4,eBook,Everyman Chess,//cdn.shopify.com/s/files/1/0080/9284/4094/products/57af6fdf46da4a66d4fbfab403e90bd9_1024x1024@2x.jpg?v=1542115201
Joe Gallagher,,14.95,https://everymanchess.com/collections/openings-books/products/starting-out-the-kings-indian,Starting Out: The King's Indian,eBook,Everyman Chess,//cdn.shopify.com/s/files/1/0080/9284/4094/products/fb0b861020a7e76e69195b130ebc02f6_1024x1024@2x.jpg?v=1542115214
,,,https://everymanchess.com/collections/openings-books/products/the-grunfeld-defence,The Grünfeld Defence,Book,Everyman Chess,//cdn.shopify.com/s/files/1/0080/9284/4094/products/b95618a983381c7475481afd001941dd_1024x1024@2x.jpg?v=1542115225
Chris Ward,,14.95,https://everymanchess.com/collections/openings-books/products/starting-out-the-nimzo-indian,Starting Out the Nimzo Indian,eBook,Everyman Chess,//cdn.shopify.com/s/files/1/0080/9284/4094/products/ccd6a5ecaf97b951c15da2650fef3575_1024x1024@2x.jpg?v=1542115228
Byron Jacobs,,14.95,https://everymanchess.com/collections/openings-books/products/starting-out-the-french,Starting Out: The French,eBook,Everyman Chess,//cdn.shopify.com/s/files/1/0080/9284/4094/products/bef07325384f9e1d2965e6ff4ca0fd11_1024x1024@2x.jpg?v=1542115236
,,,https://everymanchess.com/collections/openings-books/products/queens-indian-defence,Queens Indian Defence,Book,Everyman Chess,//cdn.shopify.com/s/files/1/0080/9284/4094/products/b8d1b989ed6368c58c0b4255409c1719_1024x1024@2x.jpg?v=1542115247
,,,https://everymanchess.com/collections/openings-books/products/sicilian-kan,Sicilian Kan,Book,Everyman Chess,//cdn.shopify.com/s/files/1/0080/9284/4094/products/2cf122498a68b5b3a9c2d4d038d836cc_1024x1024@2x.jpg?v=1542115251
,,,https://everymanchess.com/collections/openings-books/products/classical-dutch,Classical Dutch,Book,Everyman Chess,//cdn.shopify.com/s/files/1/0080/9284/4094/products/c802ef8e3bb45f960820c29ce490f9b8_1024x1024@2x.jpg?v=1542115263
Joe Gallagher,,14.95,https://everymanchess.com/collections/openings-books/products/starting-out-the-caro-kann,Starting Out: The Caro-Kann,eBook,Everyman Chess,//cdn.shopify.com/s/files/1/0080/9284/4094/products/613b1222a6729f7b7af3b79128f2fffe_1024x1024@2x.jpg?v=1542115265
John Shaw,,14.95,https://everymanchess.com/collections/openings-books/products/starting-out-the-queens-gambit,Starting Out: The Queens Gambit,eBook,Everyman Chess,//cdn.shopify.com/s/files/1/0080/9284/4094/products/331ec860e5aa24bebd0ed2d023b0de05_1024x1024@2x.jpg?v=1542115271
Nigel Davies,,16.95,https://everymanchess.com/collections/openings-books/products/taming-the-sicilian,Taming the Sicilian,eBook,Everyman Chess,//cdn.shopify.com/s/files/1/0080/9284/4094/products/5109a963c40e2c05db9e6d2013b3ca03_1024x1024@2x.jpg?v=1542115277
,,,https://everymanchess.com/collections/openings-books/products/nimzo-indian-rubinstein-the-ever-popular-main-lines-with-4-e3,Nimzo-Indian Rubinstein: The ever popular main lines with 4 e3,Book,Everyman Chess,//cdn.shopify.com/s/files/1/0080/9284/4094/products/d5f7c70557dc4c2cd9fc0cebba05e9fb_1024x1024@2x.jpg?v=1542115293
,,,https://everymanchess.com/collections/openings-books/products/a6-slav-the-tricky-and-dynamic-lines-with-a6,...a6 Slav: The Tricky and Dynamic Lines with ...a6,Book,Everyman Chess,//cdn.shopify.com/s/files/1/0080/9284/4094/products/d4c1e046688d6dc7df15b1375c05640a_1024x1024@2x.jpg?v=1542115296
Chris Ward,,14.95,https://everymanchess.com/collections/openings-books/products/nimzo-indian-kasparov-variation-4-nf3-as-popularised-by-garry-kasparov,Nimzo-Indian Kasparov Variation: 4 Nf3 as popularised by Garry Kasparov,eBook,Everyman Chess,//cdn.shopify.com/s/files/1/0080/9284/4094/products/c4fda1addb3066dcef4da6bd6e7ed5f7_1024x1024@2x.jpg?v=1542115301
John Shaw,,14.95,https://everymanchess.com/collections/openings-books/products/starting-out-the-ruy-lopez,Starting Out: The Ruy Lopez,eBook,Everyman Chess,//cdn.shopify.com/s/files/1/0080/9284/4094/products/4989060270608c36e385b4ddf0756c32_1024x1024@2x.jpg?v=1542115306
Neil McDonald,,14.95,https://everymanchess.com/collections/openings-books/products/starting-out-the-english,Starting Out: The English,eBook,Everyman Chess,//cdn.shopify.com/s/files/1/0080/9284/4094/products/98292ad6266cd95bc9532507ecad9084_1024x1024@2x.jpg?v=1542115311
John Emms,,17.95,https://everymanchess.com/collections/openings-books/products/play-the-najdorf-scheveningen-style,Play the Najdorf: Scheveningen Style,eBook,Everyman Chess,//cdn.shopify.com/s/files/1/0080/9284/4094/products/a2d7d876e30e809cc5c961ad2acfca13_1024x1024@2x.jpg?v=1542115324
,,,https://everymanchess.com/collections/openings-books/products/the-marshall-attack-incorporating-the-anti-marshall-lines,The Marshall Attack: Incorporating the Anti-Marshall Lines,Book,Everyman Chess,//cdn.shopify.com/s/files/1/0080/9284/4094/products/68382cc05f8c0574833a30b7779d45ec_1024x1024@2x.jpg?v=1542115332
Nigel Davies,,15.95,https://everymanchess.com/collections/openings-books/products/the-veresov-surprise-your-opponents-with-the-tricky-2-nc3,The Veresov: Surprise Your Opponents with the Tricky 2 Nc3!,eBook,Everyman Chess,//cdn.shopify.com/s/files/1/0080/9284/4094/products/89a00c8b1113ce47e845d2679043753d_1024x1024@2x.jpg?v=1542115335
John Emms,,14.95,https://everymanchess.com/collections/openings-books/products/attacking-with-1e4,Attacking with 1 e4,eBook,Everyman Chess,//cdn.shopify.com/s/files/1/0080/9284/4094/products/a2325640a2f35c9cd47a4bb4a73a32b1_1024x1024@2x.jpg?v=1542114835
,,,https://everymanchess.com/collections/openings-books/products/basic-chess-openings,Basic Chess Openings,Book,Everyman Chess,//cdn.shopify.com/s/files/1/0080/9284/4094/products/4c1748cae6f9b7951b9a9e3ddd45621d_1024x1024@2x.jpg?v=1542114843
,,,https://everymanchess.com/collections/openings-books/products/c3-sicilian,c3 Sicilian,Book,Everyman Chess,//cdn.shopify.com/s/files/1/0080/9284/4094/products/0b2344a685ab1600c08f950ef8f532ad_1024x1024@2x.gif?v=1542114860
,,,https://everymanchess.com/collections/openings-books/products/caro-kann-advance,Caro-Kann Advance,Book,Everyman Chess,//cdn.shopify.com/s/files/1/0080/9284/4094/products/853850bea4fca95701662bf42765079a_1024x1024@2x.jpg?v=1542114863
Neil McDonald,,17.95,https://everymanchess.com/collections/openings-books/products/play-the-dutch-leningrad-variation,Play the Dutch: An Opening Repertoire for Black Based on the Leningrad Variation,eBook,Everyman Chess,//cdn.shopify.com/s/files/1/0080/9284/4094/products/25a5e2923f46a2d7d78b5139c055fccd_1024x1024@2x.jpg?v=1542114889
,,,https://everymanchess.com/collections/openings-books/products/closed-sicilian,Closed Sicilian,Book,Everyman Chess,//cdn.shopify.com/s/files/1/0080/9284/4094/products/2e026d410c24eb2478dd5ec74bcf86d8_1024x1024@2x.jpg?v=1542114882
,,,https://everymanchess.com/collections/openings-books/products/english-defence,English Defence,Book,Everyman Chess,//cdn.shopify.com/s/files/1/0080/9284/4094/products/98abc8f12dd69cf46fd1ff74d83284dd_1024x1024@2x.gif?v=1542114907
,,,https://everymanchess.com/collections/openings-books/products/dutch-stonewall,Dutch Stonewall,Book,Everyman Chess,//cdn.shopify.com/s/files/1/0080/9284/4094/products/679f76480bf3988e5ab2a4e1c0fe3aab_1024x1024@2x.jpg?v=1542114894
,,,https://everymanchess.com/collections/openings-books/products/english-opening-symmetrical,English Opening: Symmetrical,Book,Everyman Chess,//cdn.shopify.com/s/files/1/0080/9284/4094/products/747fc78a0292a44f14cd9e8d451ace28_1024x1024@2x.gif?v=1542114910
,,,https://everymanchess.com/collections/openings-books/products/fianchetto-grunfeld,Fianchetto Grunfeld,Book,Everyman Chess,//cdn.shopify.com/s/files/1/0080/9284/4094/products/304fe8a96b8fd43e2c89b179f6870a7e_1024x1024@2x.jpg?v=1542114917
,,,https://everymanchess.com/collections/openings-books/products/french-classical,French Classical,Book,Everyman Chess,//cdn.shopify.com/s/files/1/0080/9284/4094/products/ace866650aed6aa9290eb61221f1cbf2_1024x1024@2x.jpg?v=1542114927
,,,https://everymanchess.com/collections/openings-books/products/french-winawer,French Winawer,Book,Everyman Chess,//cdn.shopify.com/s/files/1/0080/9284/4094/products/e2c4d757f9699a1eadec4b23fec37ba5_1024x1024@2x.jpg?v=1542114932
,,,https://everymanchess.com/collections/openings-books/products/the-gambit,The Gambit,Book,Everyman Chess,
,,,https://everymanchess.com/collections/openings-books/products/main-line-caro-kann,Main Line Caro-Kann,Book,Everyman Chess,//cdn.shopify.com/s/files/1/0080/9284/4094/products/95d05233b358d84b6f9f44a1f509fc6c_1024x1024@2x.jpg?v=1542115007
,,,https://everymanchess.com/collections/openings-books/products/modern-defence,Modern Defence,Book,Everyman Chess,//cdn.shopify.com/s/files/1/0080/9284/4094/products/f5ca74960e49ba6e6962c2b13da00d3d_1024x1024@2x.jpg?v=1542115037
,,,https://everymanchess.com/collections/openings-books/products/more-basic-chess-openings,More Basic Chess Openings,Book,Everyman Chess,//cdn.shopify.com/s/files/1/0080/9284/4094/products/bbf39fe13ab5b5e0dc5eb819bbe9f158_1024x1024@2x.jpg?v=1542115040
,,,https://everymanchess.com/collections/openings-books/products/nimzo-larsen-attack,Nimzo-Larsen Attack,Book,Everyman Chess,//cdn.shopify.com/s/files/1/0080/9284/4094/products/6ad98b5a4cccad4998c63ed78c58bdfa_1024x1024@2x.jpg?v=1542115046
,,,https://everymanchess.com/collections/openings-books/products/offbeat-spanish,Offbeat Spanish,Book,Everyman Chess,//cdn.shopify.com/s/files/1/0080/9284/4094/products/a62379e931a175a0f3b0440edc517f08_1024x1024@2x.jpg?v=1542115051
,,,https://everymanchess.com/collections/openings-books/products/open-ruy-lopez,Open Ruy Lopez,Book,Everyman Chess,//cdn.shopify.com/s/files/1/0080/9284/4094/products/00591fa707a19c21a8a84808c4cc42c8_1024x1024@2x.jpg?v=1542115055
,,9.95,https://everymanchess.com/collections/openings-books/products/first-steps-the-queen-s-gambit-video,First Steps: The Queen's Gambit: Video,Book,Everyman Chess,//cdn.shopify.com/s/files/1/0080/9284/4094/products/198e646d415a7ca1814d2f999c191f5e_1d799974-f4ab-4219-a785-993537f0f810_1024x1024@2x.jpg?v=1542116862
,,19.95,https://everymanchess.com/collections/openings-books/products/excelling-at-chess-volume-1,Excelling at Chess Volume 1: Technical and Positional Chess,eBook,Everyman Chess,//cdn.shopify.com/s/files/1/0080/9284/4094/products/202a4cafe2fa2e9a058280f30e8fa933_1024x1024@2x.jpg?v=1542922639
,,19.95,https://everymanchess.com/collections/openings-books/products/how-to-play-against-1d4-1e4,How to play against 1d4 and 1e4,eBook,Everyman Chess,//cdn.shopify.com/s/files/1/0080/9284/4094/products/bb05ffa091b5d1a4d313c5e12becfce1_1024x1024@2x.jpg?v=1542922662
,,19.95,https://everymanchess.com/collections/openings-books/products/meeting-1d4-1e4,Meeting 1d4 and 1e4,eBook,Everyman Chess,//cdn.shopify.com/s/files/1/0080/9284/4094/products/efe8676fd2b1b7d736eb41ace81c83fa_1024x1024@2x.jpg?v=1542922678
,,9.99,https://everymanchess.com/collections/openings-books/products/h6-the-french,Play h6 in the French,eBook,Everyman Chess,//cdn.shopify.com/s/files/1/0080/9284/4094/products/ECPPlayH6intheFrench_1024x1024@2x.jpg?v=1592223137
Richard Palliser,https://cdn.shopify.com/s/files/1/0080/9284/4094/files/The_Iron_English_extracts.pdf?v=1603987290,29.95,https://everymanchess.com/collections/openings-books/products/opening-repertoire-the-iron-english,Opening Repertoire: The Iron English,Book,Everyman Chess,//cdn.shopify.com/s/files/1/0080/9284/4094/products/9781781945803-FCORTheIronEnglish_1024x1024@2x.jpg?v=1603790268
